0 verbose cli /usr/local/bin/node /usr/local/bin/npm
1 info using npm@11.11.0
2 info using node@v24.14.1
3 silly config load:file:/usr/local/lib/node_modules/npm/npmrc
4 silly config load:file:/Users/mithilesshb/Documents/GitHub/Equal-Horizons-Github/.npmrc
5 silly config load:file:/Users/mithilesshb/.npmrc
6 silly config load:file:/usr/local/etc/npmrc
7 verbose title npm install
8 verbose argv "install" "--cache" ".npm-cache"
9 verbose logfile logs-max:10 dir:/Users/mithilesshb/Documents/GitHub/Equal-Horizons-Github/.npm-cache/_logs/2026-09-16T02_08_42_483Z-
10 verbose logfile /Users/mithilesshb/Documents/GitHub/Equal-Horizons-Github/.npm-cache/_logs/2026-09-16T02_08_42_483Z-debug-0.log
11 silly logfile done cleaning log files
12 silly packumentCache heap:4496293888 maxSize:1124073472 maxEntrySize:562036736
13 silly idealTree buildDeps
14 silly reify moves {}
15 silly audit bulk request {
15 silly audit   '@alloc/quick-lru': [ '5.2.0' ],
15 silly audit   '@emnapi/core': [ '1.10.0' ],
15 silly audit   '@emnapi/runtime': [ '1.10.0' ],
15 silly audit   '@emnapi/wasi-threads': [ '1.2.1' ],
15 silly audit   '@eslint-community/eslint-utils': [ '4.9.1' ],
15 silly audit   '@eslint-community/regexpp': [ '4.12.2' ],
15 silly audit   '@eslint/eslintrc': [ '2.1.4' ],
15 silly audit   '@eslint/js': [ '8.57.1' ],
15 silly audit   '@humanwhocodes/config-array': [ '0.13.0' ],
15 silly audit   '@humanwhocodes/module-importer': [ '1.0.1' ],
15 silly audit   '@humanwhocodes/object-schema': [ '2.0.3' ],
15 silly audit   '@isaacs/cliui': [ '8.0.2' ],
15 silly audit   'ansi-regex': [ '6.2.2', '5.0.1' ],
15 silly audit   'strip-ansi': [ '7.2.0', '6.0.1' ],
15 silly audit   '@jridgewell/gen-mapping': [ '0.3.13' ],
15 silly audit   '@jridgewell/resolve-uri': [ '3.1.2' ],
15 silly audit   '@jridgewell/sourcemap-codec': [ '1.5.5' ],
15 silly audit   '@jridgewell/trace-mapping': [ '0.3.31' ],
15 silly audit   '@napi-rs/wasm-runtime': [ '1.1.6' ],
15 silly audit   '@next/env': [ '14.2.15' ],
15 silly audit   '@next/eslint-plugin-next': [ '14.2.15' ],
15 silly audit   '@next/swc-darwin-arm64': [ '14.2.15' ],
15 silly audit   '@next/swc-darwin-x64': [ '14.2.15' ],
15 silly audit   '@next/swc-linux-arm64-gnu': [ '14.2.15' ],
15 silly audit   '@next/swc-linux-arm64-musl': [ '14.2.15' ],
15 silly audit   '@next/swc-linux-x64-gnu': [ '14.2.15' ],
15 silly audit   '@next/swc-linux-x64-musl': [ '14.2.15' ],
15 silly audit   '@next/swc-win32-arm64-msvc': [ '14.2.15' ],
15 silly audit   '@next/swc-win32-ia32-msvc': [ '14.2.15' ],
15 silly audit   '@next/swc-win32-x64-msvc': [ '14.2.15' ],
15 silly audit   '@nodelib/fs.scandir': [ '2.1.5' ],
15 silly audit   '@nodelib/fs.stat': [ '2.0.5' ],
15 silly audit   '@nodelib/fs.walk': [ '1.2.8' ],
15 silly audit   '@nolyfill/is-core-module': [ '1.0.39' ],
15 silly audit   '@pkgjs/parseargs': [ '0.11.0' ],
15 silly audit   '@react-email/render': [ '1.1.2' ],
15 silly audit   '@rtsao/scc': [ '1.1.0' ],
15 silly audit   '@rushstack/eslint-patch': [ '1.16.1' ],
15 silly audit   '@selderee/plugin-htmlparser2': [ '0.11.0' ],
15 silly audit   '@swc/counter': [ '0.1.3' ],
15 silly audit   '@swc/helpers': [ '0.5.5' ],
15 silly audit   '@tybys/wasm-util': [ '0.10.3' ],
15 silly audit   '@types/json5': [ '0.0.29' ],
15 silly audit   '@types/node': [ '22.20.0' ],
15 silly audit   '@types/prop-types': [ '15.7.15' ],
15 silly audit   '@types/react': [ '18.3.31' ],
15 silly audit   '@types/react-dom': [ '18.3.7' ],
15 silly audit   '@typescript-eslint/eslint-plugin': [ '8.62.1' ],
15 silly audit   ignore: [ '7.0.5', '5.3.2' ],
15 silly audit   '@typescript-eslint/parser': [ '8.62.1' ],
15 silly audit   '@typescript-eslint/project-service': [ '8.62.1' ],
15 silly audit   '@typescript-eslint/scope-manager': [ '8.62.1' ],
15 silly audit   '@typescript-eslint/tsconfig-utils': [ '8.62.1' ],
15 silly audit   '@typescript-eslint/type-utils': [ '8.62.1' ],
15 silly audit   '@typescript-eslint/types': [ '8.62.1' ],
15 silly audit   '@typescript-eslint/typescript-estree': [ '8.62.1' ],
15 silly audit   'balanced-match': [ '4.0.4', '1.0.2' ],
15 silly audit   'brace-expansion': [ '5.0.7', '1.1.15', '2.1.1' ],
15 silly audit   minimatch: [ '10.2.5', '9.0.9', '3.1.5' ],
15 silly audit   '@typescript-eslint/utils': [ '8.62.1' ],
15 silly audit   '@typescript-eslint/visitor-keys': [ '8.62.1' ],
15 silly audit   'eslint-visitor-keys': [ '5.0.1', '3.4.3' ],
15 silly audit   '@ungap/structured-clone': [ '1.3.2' ],
15 silly audit   '@unrs/resolver-binding-android-arm-eabi': [ '1.12.2' ],
15 silly audit   '@unrs/resolver-binding-android-arm64': [ '1.12.2' ],
15 silly audit   '@unrs/resolver-binding-darwin-arm64': [ '1.12.2' ],
15 silly audit   '@unrs/resolver-binding-darwin-x64': [ '1.12.2' ],
15 silly audit   '@unrs/resolver-binding-freebsd-x64': [ '1.12.2' ],
15 silly audit   '@unrs/resolver-binding-linux-arm-gnueabihf': [ '1.12.2' ],
15 silly audit   '@unrs/resolver-binding-linux-arm-musleabihf': [ '1.12.2' ],
15 silly audit   '@unrs/resolver-binding-linux-arm64-gnu': [ '1.12.2' ],
15 silly audit   '@unrs/resolver-binding-linux-arm64-musl': [ '1.12.2' ],
15 silly audit   '@unrs/resolver-binding-linux-loong64-gnu': [ '1.12.2' ],
15 silly audit   '@unrs/resolver-binding-linux-loong64-musl': [ '1.12.2' ],
15 silly audit   '@unrs/resolver-binding-linux-ppc64-gnu': [ '1.12.2' ],
15 silly audit   '@unrs/resolver-binding-linux-riscv64-gnu': [ '1.12.2' ],
15 silly audit   '@unrs/resolver-binding-linux-riscv64-musl': [ '1.12.2' ],
15 silly audit   '@unrs/resolver-binding-linux-s390x-gnu': [ '1.12.2' ],
15 silly audit   '@unrs/resolver-binding-linux-x64-gnu': [ '1.12.2' ],
15 silly audit   '@unrs/resolver-binding-linux-x64-musl': [ '1.12.2' ],
15 silly audit   '@unrs/resolver-binding-openharmony-arm64': [ '1.12.2' ],
15 silly audit   '@unrs/resolver-binding-wasm32-wasi': [ '1.12.2' ],
15 silly audit   '@unrs/resolver-binding-win32-arm64-msvc': [ '1.12.2' ],
15 silly audit   '@unrs/resolver-binding-win32-ia32-msvc': [ '1.12.2' ],
15 silly audit   '@unrs/resolver-binding-win32-x64-msvc': [ '1.12.2' ],
15 silly audit   acorn: [ '8.17.0' ],
15 silly audit   'acorn-jsx': [ '5.3.2' ],
15 silly audit   ajv: [ '6.15.0' ],
15 silly audit   'ansi-styles': [ '4.3.0', '6.2.3' ],
15 silly audit   'any-promise': [ '1.3.0' ],
15 silly audit   anymatch: [ '3.1.3' ],
15 silly audit   arg: [ '5.0.2' ],
15 silly audit   argparse: [ '2.0.1' ],
15 silly audit   'aria-query': [ '5.3.2' ],
15 silly audit   'array-buffer-byte-length': [ '1.0.2' ],
15 silly audit   'array-includes': [ '3.1.9' ],
15 silly audit   'array.prototype.findlast': [ '1.2.5' ],
15 silly audit   'array.prototype.findlastindex': [ '1.2.6' ],
15 silly audit   'array.prototype.flat': [ '1.3.3' ],
15 silly audit   'array.prototype.flatmap': [ '1.3.3' ],
15 silly audit   'array.prototype.tosorted': [ '1.1.4' ],
15 silly audit   'arraybuffer.prototype.slice': [ '1.0.4' ],
15 silly audit   'ast-types-flow': [ '0.0.8' ],
15 silly audit   'async-function': [ '1.0.0' ],
15 silly audit   autoprefixer: [ '10.5.2' ],
15 silly audit   'available-typed-arrays': [ '1.0.7' ],
15 silly audit   'axe-core': [ '4.12.1' ],
15 silly audit   'axobject-query': [ '4.1.0' ],
15 silly audit   'baseline-browser-mapping': [ '2.10.42' ],
15 silly audit   'binary-extensions': [ '2.3.0' ],
15 silly audit   braces: [ '3.0.3' ],
15 silly audit   browserslist: [ '4.28.4' ],
15 silly audit   busboy: [ '1.6.0' ],
15 silly audit   'call-bind': [ '1.0.9' ],
15 silly audit   'call-bind-apply-helpers': [ '1.0.2' ],
15 silly audit   'call-bound': [ '1.0.4' ],
15 silly audit   callsites: [ '3.1.0' ],
15 silly audit   'camelcase-css': [ '2.0.1' ],
15 silly audit   'caniuse-lite': [ '1.0.30001800' ],
15 silly audit   chalk: [ '4.1.2' ],
15 silly audit   chokidar: [ '3.6.0' ],
15 silly audit   'glob-parent': [ '5.1.2', '6.0.2' ],
15 silly audit   'client-only': [ '0.0.1' ],
15 silly audit   'color-convert': [ '2.0.1' ],
15 silly audit   'color-name': [ '1.1.4' ],
15 silly audit   commander: [ '4.1.1' ],
15 silly audit   'concat-map': [ '0.0.1' ],
15 silly audit   'cross-spawn': [ '7.0.6' ],
15 silly audit   cssesc: [ '3.0.0' ],
15 silly audit   csstype: [ '3.2.3' ],
15 silly audit   'damerau-levenshtein': [ '1.0.8' ],
15 silly audit   'data-view-buffer': [ '1.0.2' ],
15 silly audit   'data-view-byte-length': [ '1.0.2' ],
15 silly audit   'data-view-byte-offset': [ '1.0.1' ],
15 silly audit   debug: [ '4.4.3', '3.2.7' ],
15 silly audit   'deep-is': [ '0.1.4' ],
15 silly audit   deepmerge: [ '4.3.1' ],
15 silly audit   'define-data-property': [ '1.1.4' ],
15 silly audit   'define-properties': [ '1.2.1' ],
15 silly audit   didyoumean: [ '1.2.2' ],
15 silly audit   dlv: [ '1.1.3' ],
15 silly audit   doctrine: [ '3.0.0', '2.1.0' ],
15 silly audit   'dom-serializer': [ '2.0.0' ],
15 silly audit   domelementtype: [ '2.3.0' ],
15 silly audit   domhandler: [ '5.0.3' ],
15 silly audit   domutils: [ '3.2.2' ],
15 silly audit   'dunder-proto': [ '1.0.1' ],
15 silly audit   eastasianwidth: [ '0.2.0' ],
15 silly audit   'electron-to-chromium': [ '1.5.387' ],
15 silly audit   'emoji-regex': [ '9.2.2', '8.0.0' ],
15 silly audit   entities: [ '4.5.0' ],
15 silly audit   'es-abstract': [ '1.24.2' ],
15 silly audit   'es-abstract-get': [ '1.0.0' ],
15 silly audit   'es-define-property': [ '1.0.1' ],
15 silly audit   'es-errors': [ '1.3.0' ],
15 silly audit   'es-iterator-helpers': [ '1.3.3' ],
15 silly audit   'es-object-atoms': [ '1.1.2' ],
15 silly audit   'es-set-tostringtag': [ '2.1.0' ],
15 silly audit   'es-shim-unscopables': [ '1.1.0' ],
15 silly audit   'es-to-primitive': [ '1.3.4' ],
15 silly audit   escalade: [ '3.2.0' ],
15 silly audit   'escape-string-regexp': [ '4.0.0' ],
15 silly audit   eslint: [ '8.57.1' ],
15 silly audit   'eslint-config-next': [ '14.2.15' ],
15 silly audit   'eslint-import-resolver-node': [ '0.3.10' ],
15 silly audit   'eslint-import-resolver-typescript': [ '3.10.1' ],
15 silly audit   'eslint-module-utils': [ '2.14.0' ],
15 silly audit   'eslint-plugin-import': [ '2.32.0' ],
15 silly audit   semver: [ '6.3.1', '7.8.5' ],
15 silly audit   'eslint-plugin-jsx-a11y': [ '6.10.2' ],
15 silly audit   'eslint-plugin-react': [ '7.37.5' ],
15 silly audit   'eslint-plugin-react-hooks': [ '5.0.0-canary-7118f5dd7-20230705' ],
15 silly audit   'eslint-scope': [ '7.2.2' ],
15 silly audit   espree: [ '9.6.1' ],
15 silly audit   esquery: [ '1.7.0' ],
15 silly audit   esrecurse: [ '4.3.0' ],
15 silly audit   estraverse: [ '5.3.0' ],
15 silly audit   esutils: [ '2.0.3' ],
15 silly audit   'fast-deep-equal': [ '3.1.3', '2.0.1' ],
15 silly audit   'fast-glob': [ '3.3.3' ],
15 silly audit   'fast-json-stable-stringify': [ '2.1.0' ],
15 silly audit   'fast-levenshtein': [ '2.0.6' ],
15 silly audit   fastq: [ '1.20.1' ],
15 silly audit   'file-entry-cache': [ '6.0.1' ],
15 silly audit   'fill-range': [ '7.1.1' ],
15 silly audit   'find-up': [ '5.0.0' ],
15 silly audit   'flat-cache': [ '3.2.0' ],
15 silly audit   flatted: [ '3.4.2' ],
15 silly audit   'for-each': [ '0.3.5' ],
15 silly audit   'foreground-child': [ '3.3.1' ],
15 silly audit   'fraction.js': [ '5.3.4' ],
15 silly audit   'framer-motion': [ '11.18.2' ],
15 silly audit   'fs.realpath': [ '1.0.0' ],
15 silly audit   fsevents: [ '2.3.3' ],
15 silly audit   'function-bind': [ '1.1.2' ],
15 silly audit   'function.prototype.name': [ '1.2.0' ],
15 silly audit   'functions-have-names': [ '1.2.3' ],
15 silly audit   'generator-function': [ '2.0.1' ],
15 silly audit   'get-intrinsic': [ '1.3.0' ],
15 silly audit   'get-proto': [ '1.0.1' ],
15 silly audit   'get-symbol-description': [ '1.1.0' ],
15 silly audit   'get-tsconfig': [ '4.14.0' ],
15 silly audit   glob: [ '10.3.10', '7.2.3' ],
15 silly audit   globals: [ '13.24.0' ],
15 silly audit   globalthis: [ '1.0.4' ],
15 silly audit   gopd: [ '1.2.0' ],
15 silly audit   'graceful-fs': [ '4.2.11' ],
15 silly audit   graphemer: [ '1.4.0' ],
15 silly audit   'has-bigints': [ '1.1.0' ],
15 silly audit   'has-flag': [ '4.0.0' ],
15 silly audit   'has-property-descriptors': [ '1.0.2' ],
15 silly audit   'has-proto': [ '1.2.0' ],
15 silly audit   'has-symbols': [ '1.1.0' ],
15 silly audit   'has-tostringtag': [ '1.0.2' ],
15 silly audit   hasown: [ '2.0.4' ],
15 silly audit   'html-to-text': [ '9.0.5' ],
15 silly audit   htmlparser2: [ '8.0.2' ],
15 silly audit   'import-fresh': [ '3.3.1' ],
15 silly audit   imurmurhash: [ '0.1.4' ],
15 silly audit   inflight: [ '1.0.6' ],
15 silly audit   inherits: [ '2.0.4' ],
15 silly audit   'internal-slot': [ '1.1.0' ],
15 silly audit   'is-array-buffer': [ '3.0.5' ],
15 silly audit   'is-async-function': [ '2.1.1' ],
15 silly audit   'is-bigint': [ '1.1.0' ],
15 silly audit   'is-binary-path': [ '2.1.0' ],
15 silly audit   'is-boolean-object': [ '1.2.2' ],
15 silly audit   'is-bun-module': [ '2.0.0' ],
15 silly audit   'is-callable': [ '1.2.7' ],
15 silly audit   'is-core-module': [ '2.16.2' ],
15 silly audit   'is-data-view': [ '1.0.2' ],
15 silly audit   'is-date-object': [ '1.1.0' ],
15 silly audit   'is-document.all': [ '1.0.0' ],
15 silly audit   'is-extglob': [ '2.1.1' ],
15 silly audit   'is-finalizationregistry': [ '1.1.1' ],
15 silly audit   'is-fullwidth-code-point': [ '3.0.0' ],
15 silly audit   'is-generator-function': [ '1.1.2' ],
15 silly audit   'is-glob': [ '4.0.3' ],
15 silly audit   'is-map': [ '2.0.3' ],
15 silly audit   'is-negative-zero': [ '2.0.3' ],
15 silly audit   'is-number': [ '7.0.0' ],
15 silly audit   'is-number-object': [ '1.1.1' ],
15 silly audit   'is-path-inside': [ '3.0.3' ],
15 silly audit   'is-regex': [ '1.2.1' ],
15 silly audit   'is-set': [ '2.0.3' ],
15 silly audit   'is-shared-array-buffer': [ '1.0.4' ],
15 silly audit   'is-string': [ '1.1.1' ],
15 silly audit   'is-symbol': [ '1.1.1' ],
15 silly audit   'is-typed-array': [ '1.1.15' ],
15 silly audit   'is-weakmap': [ '2.0.2' ],
15 silly audit   'is-weakref': [ '1.1.1' ],
15 silly audit   'is-weakset': [ '2.0.4' ],
15 silly audit   isarray: [ '2.0.5' ],
15 silly audit   isexe: [ '2.0.0' ],
15 silly audit   'iterator.prototype': [ '1.1.5' ],
15 silly audit   jackspeak: [ '2.3.6' ],
15 silly audit   jiti: [ '1.21.7' ],
15 silly audit   'js-tokens': [ '4.0.0' ],
15 silly audit   'js-yaml': [ '4.3.0' ],
15 silly audit   'json-buffer': [ '3.0.1' ],
15 silly audit   'json-schema-traverse': [ '0.4.1' ],
15 silly audit   'json-stable-stringify-without-jsonify': [ '1.0.1' ],
15 silly audit   json5: [ '1.0.2' ],
15 silly audit   'jsx-ast-utils': [ '3.3.5' ],
15 silly audit   keyv: [ '4.5.4' ],
15 silly audit   'language-subtag-registry': [ '0.3.23' ],
15 silly audit   'language-tags': [ '1.0.9' ],
15 silly audit   leac: [ '0.6.0' ],
15 silly audit   levn: [ '0.4.1' ],
15 silly audit   lilconfig: [ '3.1.3' ],
15 silly audit   'lines-and-columns': [ '1.2.4' ],
15 silly audit   'locate-path': [ '6.0.0' ],
15 silly audit   'lodash.merge': [ '4.6.2' ],
15 silly audit   'loose-envify': [ '1.4.0' ],
15 silly audit   'lru-cache': [ '10.4.3' ],
15 silly audit   'lucide-react': [ '0.451.0' ],
15 silly audit   'math-intrinsics': [ '1.1.0' ],
15 silly audit   merge2: [ '1.4.1' ],
15 silly audit   micromatch: [ '4.0.8' ],
15 silly audit   minimist: [ '1.2.8' ],
15 silly audit   minipass: [ '7.1.3' ],
15 silly audit   'motion-dom': [ '11.18.1' ],
15 silly audit   'motion-utils': [ '11.18.1' ],
15 silly audit   ms: [ '2.1.3' ],
15 silly audit   mz: [ '2.7.0' ],
15 silly audit   nanoid: [ '3.3.15' ],
15 silly audit   'napi-postinstall': [ '0.3.4' ],
15 silly audit   'natural-compare': [ '1.4.0' ],
15 silly audit   next: [ '14.2.15' ],
15 silly audit   postcss: [ '8.4.31', '8.5.16' ],
15 silly audit   'node-exports-info': [ '1.6.2' ],
15 silly audit   'node-releases': [ '2.0.50' ],
15 silly audit   'normalize-path': [ '3.0.0' ],
15 silly audit   'object-assign': [ '4.1.1' ],
15 silly audit   'object-hash': [ '3.0.0' ],
15 silly audit   'object-inspect': [ '1.13.4' ],
15 silly audit   'object-keys': [ '1.1.1' ],
15 silly audit   'object.assign': [ '4.1.7' ],
15 silly audit   'object.entries': [ '1.1.9' ],
15 silly audit   'object.fromentries': [ '2.0.8' ],
15 silly audit   'object.groupby': [ '1.0.3' ],
15 silly audit   'object.values': [ '1.2.1' ],
15 silly audit   once: [ '1.4.0' ],
15 silly audit   optionator: [ '0.9.4' ],
15 silly audit   'own-keys': [ '1.0.1' ],
15 silly audit   'p-limit': [ '3.1.0' ],
15 silly audit   'p-locate': [ '5.0.0' ],
15 silly audit   'parent-module': [ '1.0.1' ],
15 silly audit   parseley: [ '0.12.1' ],
15 silly audit   'path-exists': [ '4.0.0' ],
15 silly audit   'path-is-absolute': [ '1.0.1' ],
15 silly audit   'path-key': [ '3.1.1' ],
15 silly audit   'path-parse': [ '1.0.7' ],
15 silly audit   'path-scurry': [ '1.11.1' ],
15 silly audit   peberminta: [ '0.9.0' ],
15 silly audit   picocolors: [ '1.1.1' ],
15 silly audit   picomatch: [ '2.3.2', '4.0.5' ],
15 silly audit   pify: [ '2.3.0' ],
15 silly audit   pirates: [ '4.0.7' ],
15 silly audit   'possible-typed-array-names': [ '1.1.0' ],
15 silly audit   'postcss-import': [ '15.1.0' ],
15 silly audit   resolve: [ '1.22.12', '2.0.0-next.7' ],
15 silly audit   'postcss-js': [ '4.1.0' ],
15 silly audit   'postcss-load-config': [ '6.0.1' ],
15 silly audit   'postcss-nested': [ '6.2.0' ],
15 silly audit   'postcss-selector-parser': [ '6.1.4' ],
15 silly audit   'postcss-value-parser': [ '4.2.0' ],
15 silly audit   'prelude-ls': [ '1.2.1' ],
15 silly audit   prettier: [ '3.9.4' ],
15 silly audit   'prop-types': [ '15.8.1' ],
15 silly audit   punycode: [ '2.3.1' ],
15 silly audit   'queue-microtask': [ '1.2.3' ],
15 silly audit   react: [ '18.3.1' ],
15 silly audit   'react-dom': [ '18.3.1' ],
15 silly audit   'react-is': [ '16.13.1' ],
15 silly audit   'react-promise-suspense': [ '0.3.4' ],
15 silly audit   'read-cache': [ '1.0.0' ],
15 silly audit   readdirp: [ '3.6.0' ],
15 silly audit   'reflect.getprototypeof': [ '1.0.10' ],
15 silly audit   'regexp.prototype.flags': [ '1.5.4' ],
15 silly audit   resend: [ '4.8.0' ],
15 silly audit   'resolve-from': [ '4.0.0' ],
15 silly audit   'resolve-pkg-maps': [ '1.0.0' ],
15 silly audit   reusify: [ '1.1.0' ],
15 silly audit   rimraf: [ '3.0.2' ],
15 silly audit   'run-parallel': [ '1.2.0' ],
15 silly audit   'safe-array-concat': [ '1.1.4' ],
15 silly audit   'safe-push-apply': [ '1.0.0' ],
15 silly audit   'safe-regex-test': [ '1.1.0' ],
15 silly audit   scheduler: [ '0.23.2' ],
15 silly audit   selderee: [ '0.11.0' ],
15 silly audit   'set-function-length': [ '1.2.2' ],
15 silly audit   'set-function-name': [ '2.0.2' ],
15 silly audit   'set-proto': [ '1.0.0' ],
15 silly audit   'shebang-command': [ '2.0.0' ],
15 silly audit   'shebang-regex': [ '3.0.0' ],
15 silly audit   'side-channel': [ '1.1.1' ],
15 silly audit   'side-channel-list': [ '1.0.1' ],
15 silly audit   'side-channel-map': [ '1.0.1' ],
15 silly audit   'side-channel-weakmap': [ '1.0.2' ],
15 silly audit   'signal-exit': [ '4.1.0' ],
15 silly audit   'source-map-js': [ '1.2.1' ],
15 silly audit   'stable-hash': [ '0.0.5' ],
15 silly audit   'stop-iteration-iterator': [ '1.1.0' ],
15 silly audit   streamsearch: [ '1.1.0' ],
15 silly audit   'string-width': [ '5.1.2', '4.2.3' ],
15 silly audit   'string.prototype.includes': [ '2.0.1' ],
15 silly audit   'string.prototype.matchall': [ '4.0.12' ],
15 silly audit   'string.prototype.repeat': [ '1.0.0' ],
15 silly audit   'string.prototype.trim': [ '1.2.11' ],
15 silly audit   'string.prototype.trimend': [ '1.0.10' ],
15 silly audit   'string.prototype.trimstart': [ '1.0.8' ],
15 silly audit   'strip-bom': [ '3.0.0' ],
15 silly audit   'strip-json-comments': [ '3.1.1' ],
15 silly audit   'styled-jsx': [ '5.1.1' ],
15 silly audit   sucrase: [ '3.35.1' ],
15 silly audit   'supports-color': [ '7.2.0' ],
15 silly audit   'supports-preserve-symlinks-flag': [ '1.0.0' ],
15 silly audit   tailwindcss: [ '3.4.19' ],
15 silly audit   'text-table': [ '0.2.0' ],
15 silly audit   thenify: [ '3.3.1' ],
15 silly audit   'thenify-all': [ '1.6.0' ],
15 silly audit   tinyglobby: [ '0.2.17' ],
15 silly audit   fdir: [ '6.5.0' ],
15 silly audit   'to-regex-range': [ '5.0.1' ],
15 silly audit   'ts-api-utils': [ '2.5.0' ],
15 silly audit   'ts-interface-checker': [ '0.1.13' ],
15 silly audit   'tsconfig-paths': [ '3.15.0' ],
15 silly audit   tslib: [ '2.8.1' ],
15 silly audit   'type-check': [ '0.4.0' ],
15 silly audit   'type-fest': [ '0.20.2' ],
15 silly audit   'typed-array-buffer': [ '1.0.3' ],
15 silly audit   'typed-array-byte-length': [ '1.0.3' ],
15 silly audit   'typed-array-byte-offset': [ '1.0.4' ],
15 silly audit   'typed-array-length': [ '1.0.8' ],
15 silly audit   typescript: [ '5.9.3' ],
15 silly audit   'unbox-primitive': [ '1.1.0' ],
15 silly audit   'undici-types': [ '6.21.0' ],
15 silly audit   'unrs-resolver': [ '1.12.2' ],
15 silly audit   'update-browserslist-db': [ '1.2.3' ],
15 silly audit   'uri-js': [ '4.4.1' ],
15 silly audit   'util-deprecate': [ '1.0.2' ],
15 silly audit   which: [ '2.0.2' ],
15 silly audit   'which-boxed-primitive': [ '1.1.1' ],
15 silly audit   'which-builtin-type': [ '1.2.1' ],
15 silly audit   'which-collection': [ '1.0.2' ],
15 silly audit   'which-typed-array': [ '1.1.22' ],
15 silly audit   'word-wrap': [ '1.2.5' ],
15 silly audit   'wrap-ansi': [ '8.1.0', '7.0.0' ],
15 silly audit   wrappy: [ '1.0.2' ],
15 silly audit   'yocto-queue': [ '0.1.0' ]
15 silly audit }
16 http cache yocto-queue@https://registry.npmjs.org/yocto-queue/-/yocto-queue-0.1.0.tgz 0ms (cache hit)
17 http cache wrappy@https://registry.npmjs.org/wrappy/-/wrappy-1.0.2.tgz 0ms (cache hit)
18 http cache wrap-ansi-cjs@https://registry.npmjs.org/wrap-ansi/-/wrap-ansi-7.0.0.tgz 0ms (cache hit)
19 http cache word-wrap@https://registry.npmjs.org/word-wrap/-/word-wrap-1.2.5.tgz 0ms (cache hit)
20 http cache which-typed-array@https://registry.npmjs.org/which-typed-array/-/which-typed-array-1.1.22.tgz 0ms (cache hit)
21 http cache which-collection@https://registry.npmjs.org/which-collection/-/which-collection-1.0.2.tgz 0ms (cache hit)
22 http cache which-boxed-primitive@https://registry.npmjs.org/which-boxed-primitive/-/which-boxed-primitive-1.1.1.tgz 0ms (cache hit)
23 http cache which@https://registry.npmjs.org/which/-/which-2.0.2.tgz 0ms (cache hit)
24 http cache which-builtin-type@https://registry.npmjs.org/which-builtin-type/-/which-builtin-type-1.2.1.tgz 0ms (cache hit)
25 http cache uri-js@https://registry.npmjs.org/uri-js/-/uri-js-4.4.1.tgz 0ms (cache hit)
26 http cache unrs-resolver@https://registry.npmjs.org/unrs-resolver/-/unrs-resolver-1.12.2.tgz 0ms (cache hit)
27 http cache update-browserslist-db@https://registry.npmjs.org/update-browserslist-db/-/update-browserslist-db-1.2.3.tgz 0ms (cache hit)
28 http cache undici-types@https://registry.npmjs.org/undici-types/-/undici-types-6.21.0.tgz 0ms (cache hit)
29 http cache unbox-primitive@https://registry.npmjs.org/unbox-primitive/-/unbox-primitive-1.1.0.tgz 0ms (cache hit)
30 http cache typescript@https://registry.npmjs.org/typescript/-/typescript-5.9.3.tgz 0ms (cache hit)
31 http cache typed-array-length@https://registry.npmjs.org/typed-array-length/-/typed-array-length-1.0.8.tgz 0ms (cache hit)
32 http cache util-deprecate@https://registry.npmjs.org/util-deprecate/-/util-deprecate-1.0.2.tgz 0ms (cache hit)
33 http cache typed-array-byte-offset@https://registry.npmjs.org/typed-array-byte-offset/-/typed-array-byte-offset-1.0.4.tgz 0ms (cache hit)
34 http cache typed-array-byte-length@https://registry.npmjs.org/typed-array-byte-length/-/typed-array-byte-length-1.0.3.tgz 0ms (cache hit)
35 http cache typed-array-buffer@https://registry.npmjs.org/typed-array-buffer/-/typed-array-buffer-1.0.3.tgz 0ms (cache hit)
36 http cache type-fest@https://registry.npmjs.org/type-fest/-/type-fest-0.20.2.tgz 0ms (cache hit)
37 http cache type-check@https://registry.npmjs.org/type-check/-/type-check-0.4.0.tgz 0ms (cache hit)
38 http cache ts-interface-checker@https://registry.npmjs.org/ts-interface-checker/-/ts-interface-checker-0.1.13.tgz 0ms (cache hit)
39 http cache to-regex-range@https://registry.npmjs.org/to-regex-range/-/to-regex-range-5.0.1.tgz 0ms (cache hit)
40 http cache tsconfig-paths@https://registry.npmjs.org/tsconfig-paths/-/tsconfig-paths-3.15.0.tgz 0ms (cache hit)
41 http cache ts-api-utils@https://registry.npmjs.org/ts-api-utils/-/ts-api-utils-2.5.0.tgz 0ms (cache hit)
42 http cache thenify-all@https://registry.npmjs.org/thenify-all/-/thenify-all-1.6.0.tgz 0ms (cache hit)
43 http cache tinyglobby@https://registry.npmjs.org/tinyglobby/-/tinyglobby-0.2.17.tgz 0ms (cache hit)
44 http cache text-table@https://registry.npmjs.org/text-table/-/text-table-0.2.0.tgz 0ms (cache hit)
45 http cache tailwindcss@https://registry.npmjs.org/tailwindcss/-/tailwindcss-3.4.19.tgz 0ms (cache hit)
46 http cache thenify@https://registry.npmjs.org/thenify/-/thenify-3.3.1.tgz 0ms (cache hit)
47 http cache supports-preserve-symlinks-flag@https://registry.npmjs.org/supports-preserve-symlinks-flag/-/supports-preserve-symlinks-flag-1.0.0.tgz 0ms (cache hit)
48 http cache tslib@https://registry.npmjs.org/tslib/-/tslib-2.8.1.tgz 0ms (cache hit)
49 http cache supports-color@https://registry.npmjs.org/supports-color/-/supports-color-7.2.0.tgz 0ms (cache hit)
50 http cache sucrase@https://registry.npmjs.org/sucrase/-/sucrase-3.35.1.tgz 0ms (cache hit)
51 http cache wrap-ansi@https://registry.npmjs.org/wrap-ansi/-/wrap-ansi-8.1.0.tgz 0ms (cache hit)
52 http cache strip-json-comments@https://registry.npmjs.org/strip-json-comments/-/strip-json-comments-3.1.1.tgz 0ms (cache hit)
53 http cache strip-bom@https://registry.npmjs.org/strip-bom/-/strip-bom-3.0.0.tgz 0ms (cache hit)
54 http cache strip-ansi@https://registry.npmjs.org/strip-ansi/-/strip-ansi-6.0.1.tgz 0ms (cache hit)
55 http cache string.prototype.trimstart@https://registry.npmjs.org/string.prototype.trimstart/-/string.prototype.trimstart-1.0.8.tgz 0ms (cache hit)
56 http cache string.prototype.trimend@https://registry.npmjs.org/string.prototype.trimend/-/string.prototype.trimend-1.0.10.tgz 0ms (cache hit)
57 http cache string.prototype.trim@https://registry.npmjs.org/string.prototype.trim/-/string.prototype.trim-1.2.11.tgz 0ms (cache hit)
58 http cache string.prototype.repeat@https://registry.npmjs.org/string.prototype.repeat/-/string.prototype.repeat-1.0.0.tgz 0ms (cache hit)
59 http cache string.prototype.matchall@https://registry.npmjs.org/string.prototype.matchall/-/string.prototype.matchall-4.0.12.tgz 0ms (cache hit)
60 http cache string.prototype.includes@https://registry.npmjs.org/string.prototype.includes/-/string.prototype.includes-2.0.1.tgz 0ms (cache hit)
61 http cache string-width-cjs@https://registry.npmjs.org/string-width/-/string-width-4.2.3.tgz 0ms (cache hit)
62 http cache string-width@https://registry.npmjs.org/string-width/-/string-width-5.1.2.tgz 0ms (cache hit)
63 http cache stop-iteration-iterator@https://registry.npmjs.org/stop-iteration-iterator/-/stop-iteration-iterator-1.1.0.tgz 0ms (cache hit)
64 http cache streamsearch@https://registry.npmjs.org/streamsearch/-/streamsearch-1.1.0.tgz 0ms (cache hit)
65 http cache stable-hash@https://registry.npmjs.org/stable-hash/-/stable-hash-0.0.5.tgz 0ms (cache hit)
66 http cache strip-ansi-cjs@https://registry.npmjs.org/strip-ansi/-/strip-ansi-6.0.1.tgz 0ms (cache hit)
67 http cache source-map-js@https://registry.npmjs.org/source-map-js/-/source-map-js-1.2.1.tgz 0ms (cache hit)
68 http cache side-channel-weakmap@https://registry.npmjs.org/side-channel-weakmap/-/side-channel-weakmap-1.0.2.tgz 0ms (cache hit)
69 http cache styled-jsx@https://registry.npmjs.org/styled-jsx/-/styled-jsx-5.1.1.tgz 0ms (cache hit)
70 http cache side-channel-map@https://registry.npmjs.org/side-channel-map/-/side-channel-map-1.0.1.tgz 0ms (cache hit)
71 http cache side-channel-list@https://registry.npmjs.org/side-channel-list/-/side-channel-list-1.0.1.tgz 0ms (cache hit)
72 http cache side-channel@https://registry.npmjs.org/side-channel/-/side-channel-1.1.1.tgz 0ms (cache hit)
73 http cache shebang-command@https://registry.npmjs.org/shebang-command/-/shebang-command-2.0.0.tgz 0ms (cache hit)
74 http cache shebang-regex@https://registry.npmjs.org/shebang-regex/-/shebang-regex-3.0.0.tgz 0ms (cache hit)
75 http cache signal-exit@https://registry.npmjs.org/signal-exit/-/signal-exit-4.1.0.tgz 0ms (cache hit)
76 http cache set-proto@https://registry.npmjs.org/set-proto/-/set-proto-1.0.0.tgz 0ms (cache hit)
77 http cache set-function-name@https://registry.npmjs.org/set-function-name/-/set-function-name-2.0.2.tgz 0ms (cache hit)
78 http cache selderee@https://registry.npmjs.org/selderee/-/selderee-0.11.0.tgz 0ms (cache hit)
79 http cache scheduler@https://registry.npmjs.org/scheduler/-/scheduler-0.23.2.tgz 0ms (cache hit)
80 http cache semver@https://registry.npmjs.org/semver/-/semver-7.8.5.tgz 0ms (cache hit)
81 http cache safe-push-apply@https://registry.npmjs.org/safe-push-apply/-/safe-push-apply-1.0.0.tgz 0ms (cache hit)
82 http cache safe-array-concat@https://registry.npmjs.org/safe-array-concat/-/safe-array-concat-1.1.4.tgz 0ms (cache hit)
83 http cache safe-regex-test@https://registry.npmjs.org/safe-regex-test/-/safe-regex-test-1.1.0.tgz 0ms (cache hit)
84 http cache run-parallel@https://registry.npmjs.org/run-parallel/-/run-parallel-1.2.0.tgz 0ms (cache hit)
85 http cache reusify@https://registry.npmjs.org/reusify/-/reusify-1.1.0.tgz 0ms (cache hit)
86 http cache rimraf@https://registry.npmjs.org/rimraf/-/rimraf-3.0.2.tgz 0ms (cache hit)
87 http cache set-function-length@https://registry.npmjs.org/set-function-length/-/set-function-length-1.2.2.tgz 0ms (cache hit)
88 http cache resolve-pkg-maps@https://registry.npmjs.org/resolve-pkg-maps/-/resolve-pkg-maps-1.0.0.tgz 0ms (cache hit)
89 http cache resolve@https://registry.npmjs.org/resolve/-/resolve-2.0.0-next.7.tgz 0ms (cache hit)
90 http cache regexp.prototype.flags@https://registry.npmjs.org/regexp.prototype.flags/-/regexp.prototype.flags-1.5.4.tgz 0ms (cache hit)
91 http cache reflect.getprototypeof@https://registry.npmjs.org/reflect.getprototypeof/-/reflect.getprototypeof-1.0.10.tgz 0ms (cache hit)
92 http cache resolve-from@https://registry.npmjs.org/resolve-from/-/resolve-from-4.0.0.tgz 0ms (cache hit)
93 http cache readdirp@https://registry.npmjs.org/readdirp/-/readdirp-3.6.0.tgz 0ms (cache hit)
94 http cache read-cache@https://registry.npmjs.org/read-cache/-/read-cache-1.0.0.tgz 0ms (cache hit)
95 http cache resend@https://registry.npmjs.org/resend/-/resend-4.8.0.tgz 0ms (cache hit)
96 http cache react-dom@https://registry.npmjs.org/react-dom/-/react-dom-18.3.1.tgz 0ms (cache hit)
97 http cache react-promise-suspense@https://registry.npmjs.org/react-promise-suspense/-/react-promise-suspense-0.3.4.tgz 0ms (cache hit)
98 http cache queue-microtask@https://registry.npmjs.org/queue-microtask/-/queue-microtask-1.2.3.tgz 0ms (cache hit)
99 http cache prop-types@https://registry.npmjs.org/prop-types/-/prop-types-15.8.1.tgz 0ms (cache hit)
100 http cache prettier@https://registry.npmjs.org/prettier/-/prettier-3.9.4.tgz 0ms (cache hit)
101 http cache postcss-value-parser@https://registry.npmjs.org/postcss-value-parser/-/postcss-value-parser-4.2.0.tgz 0ms (cache hit)
102 http cache prelude-ls@https://registry.npmjs.org/prelude-ls/-/prelude-ls-1.2.1.tgz 0ms (cache hit)
103 http cache postcss-selector-parser@https://registry.npmjs.org/postcss-selector-parser/-/postcss-selector-parser-6.1.4.tgz 0ms (cache hit)
104 http cache react@https://registry.npmjs.org/react/-/react-18.3.1.tgz 0ms (cache hit)
105 http cache punycode@https://registry.npmjs.org/punycode/-/punycode-2.3.1.tgz 0ms (cache hit)
106 http cache postcss-js@https://registry.npmjs.org/postcss-js/-/postcss-js-4.1.0.tgz 0ms (cache hit)
107 http cache postcss-load-config@https://registry.npmjs.org/postcss-load-config/-/postcss-load-config-6.0.1.tgz 0ms (cache hit)
108 http cache postcss-nested@https://registry.npmjs.org/postcss-nested/-/postcss-nested-6.2.0.tgz 0ms (cache hit)
109 http cache postcss-import@https://registry.npmjs.org/postcss-import/-/postcss-import-15.1.0.tgz 0ms (cache hit)
110 http cache postcss@https://registry.npmjs.org/postcss/-/postcss-8.5.16.tgz 0ms (cache hit)
111 http cache possible-typed-array-names@https://registry.npmjs.org/possible-typed-array-names/-/possible-typed-array-names-1.1.0.tgz 0ms (cache hit)
112 http cache pify@https://registry.npmjs.org/pify/-/pify-2.3.0.tgz 0ms (cache hit)
113 http cache pirates@https://registry.npmjs.org/pirates/-/pirates-4.0.7.tgz 0ms (cache hit)
114 http cache peberminta@https://registry.npmjs.org/peberminta/-/peberminta-0.9.0.tgz 1ms (cache hit)
115 http cache picocolors@https://registry.npmjs.org/picocolors/-/picocolors-1.1.1.tgz 0ms (cache hit)
116 http cache picomatch@https://registry.npmjs.org/picomatch/-/picomatch-2.3.2.tgz 0ms (cache hit)
117 http cache path-key@https://registry.npmjs.org/path-key/-/path-key-3.1.1.tgz 0ms (cache hit)
118 http cache path-parse@https://registry.npmjs.org/path-parse/-/path-parse-1.0.7.tgz 0ms (cache hit)
119 http cache path-scurry@https://registry.npmjs.org/path-scurry/-/path-scurry-1.11.1.tgz 0ms (cache hit)
120 http cache path-is-absolute@https://registry.npmjs.org/path-is-absolute/-/path-is-absolute-1.0.1.tgz 0ms (cache hit)
121 http cache path-exists@https://registry.npmjs.org/path-exists/-/path-exists-4.0.0.tgz 0ms (cache hit)
122 http cache react-is@https://registry.npmjs.org/react-is/-/react-is-16.13.1.tgz 0ms (cache hit)
123 http cache parent-module@https://registry.npmjs.org/parent-module/-/parent-module-1.0.1.tgz 0ms (cache hit)
124 http cache parseley@https://registry.npmjs.org/parseley/-/parseley-0.12.1.tgz 0ms (cache hit)
125 http cache p-locate@https://registry.npmjs.org/p-locate/-/p-locate-5.0.0.tgz 0ms (cache hit)
126 http cache optionator@https://registry.npmjs.org/optionator/-/optionator-0.9.4.tgz 0ms (cache hit)
127 http cache once@https://registry.npmjs.org/once/-/once-1.4.0.tgz 0ms (cache hit)
128 http cache own-keys@https://registry.npmjs.org/own-keys/-/own-keys-1.0.1.tgz 0ms (cache hit)
129 http cache object.values@https://registry.npmjs.org/object.values/-/object.values-1.2.1.tgz 0ms (cache hit)
130 http cache object.groupby@https://registry.npmjs.org/object.groupby/-/object.groupby-1.0.3.tgz 0ms (cache hit)
131 http cache object.entries@https://registry.npmjs.org/object.entries/-/object.entries-1.1.9.tgz 0ms (cache hit)
132 http cache object.fromentries@https://registry.npmjs.org/object.fromentries/-/object.fromentries-2.0.8.tgz 0ms (cache hit)
133 http cache object-inspect@https://registry.npmjs.org/object-inspect/-/object-inspect-1.13.4.tgz 0ms (cache hit)
134 http cache object-hash@https://registry.npmjs.org/object-hash/-/object-hash-3.0.0.tgz 0ms (cache hit)
135 http cache object-keys@https://registry.npmjs.org/object-keys/-/object-keys-1.1.1.tgz 0ms (cache hit)
136 http cache object.assign@https://registry.npmjs.org/object.assign/-/object.assign-4.1.7.tgz 0ms (cache hit)
137 http cache object-assign@https://registry.npmjs.org/object-assign/-/object-assign-4.1.1.tgz 0ms (cache hit)
138 http cache p-limit@https://registry.npmjs.org/p-limit/-/p-limit-3.1.0.tgz 0ms (cache hit)
139 http cache node-releases@https://registry.npmjs.org/node-releases/-/node-releases-2.0.50.tgz 0ms (cache hit)
140 http cache normalize-path@https://registry.npmjs.org/normalize-path/-/normalize-path-3.0.0.tgz 0ms (cache hit)
141 http cache natural-compare@https://registry.npmjs.org/natural-compare/-/natural-compare-1.4.0.tgz 0ms (cache hit)
142 http cache napi-postinstall@https://registry.npmjs.org/napi-postinstall/-/napi-postinstall-0.3.4.tgz 0ms (cache hit)
143 http cache next@https://registry.npmjs.org/next/-/next-14.2.15.tgz 0ms (cache hit)
144 http cache nanoid@https://registry.npmjs.org/nanoid/-/nanoid-3.3.15.tgz 0ms (cache hit)
145 http cache node-exports-info@https://registry.npmjs.org/node-exports-info/-/node-exports-info-1.6.2.tgz 0ms (cache hit)
146 http cache ms@https://registry.npmjs.org/ms/-/ms-2.1.3.tgz 0ms (cache hit)
147 http cache mz@https://registry.npmjs.org/mz/-/mz-2.7.0.tgz 0ms (cache hit)
148 http cache motion-utils@https://registry.npmjs.org/motion-utils/-/motion-utils-11.18.1.tgz 0ms (cache hit)
149 http cache minipass@https://registry.npmjs.org/minipass/-/minipass-7.1.3.tgz 0ms (cache hit)
150 http cache minimist@https://registry.npmjs.org/minimist/-/minimist-1.2.8.tgz 0ms (cache hit)
151 http cache minimatch@https://registry.npmjs.org/minimatch/-/minimatch-3.1.5.tgz 0ms (cache hit)
152 http cache motion-dom@https://registry.npmjs.org/motion-dom/-/motion-dom-11.18.1.tgz 0ms (cache hit)
153 http cache micromatch@https://registry.npmjs.org/micromatch/-/micromatch-4.0.8.tgz 0ms (cache hit)
154 http cache merge2@https://registry.npmjs.org/merge2/-/merge2-1.4.1.tgz 0ms (cache hit)
155 http cache math-intrinsics@https://registry.npmjs.org/math-intrinsics/-/math-intrinsics-1.1.0.tgz 0ms (cache hit)
156 http cache lucide-react@https://registry.npmjs.org/lucide-react/-/lucide-react-0.451.0.tgz 0ms (cache hit)
157 http cache lru-cache@https://registry.npmjs.org/lru-cache/-/lru-cache-10.4.3.tgz 0ms (cache hit)
158 http cache loose-envify@https://registry.npmjs.org/loose-envify/-/loose-envify-1.4.0.tgz 0ms (cache hit)
159 http cache lodash.merge@https://registry.npmjs.org/lodash.merge/-/lodash.merge-4.6.2.tgz 0ms (cache hit)
160 http cache lilconfig@https://registry.npmjs.org/lilconfig/-/lilconfig-3.1.3.tgz 0ms (cache hit)
161 http cache levn@https://registry.npmjs.org/levn/-/levn-0.4.1.tgz 0ms (cache hit)
162 http cache leac@https://registry.npmjs.org/leac/-/leac-0.6.0.tgz 0ms (cache hit)
163 http cache lines-and-columns@https://registry.npmjs.org/lines-and-columns/-/lines-and-columns-1.2.4.tgz 0ms (cache hit)
164 http cache language-tags@https://registry.npmjs.org/language-tags/-/language-tags-1.0.9.tgz 0ms (cache hit)
165 http cache keyv@https://registry.npmjs.org/keyv/-/keyv-4.5.4.tgz 0ms (cache hit)
166 http cache language-subtag-registry@https://registry.npmjs.org/language-subtag-registry/-/language-subtag-registry-0.3.23.tgz 0ms (cache hit)
167 http cache json5@https://registry.npmjs.org/json5/-/json5-1.0.2.tgz 0ms (cache hit)
168 http cache json-stable-stringify-without-jsonify@https://registry.npmjs.org/json-stable-stringify-without-jsonify/-/json-stable-stringify-without-jsonify-1.0.1.tgz 0ms (cache hit)
169 http cache json-schema-traverse@https://registry.npmjs.org/json-schema-traverse/-/json-schema-traverse-0.4.1.tgz 0ms (cache hit)
170 http cache locate-path@https://registry.npmjs.org/locate-path/-/locate-path-6.0.0.tgz 0ms (cache hit)
171 http cache json-buffer@https://registry.npmjs.org/json-buffer/-/json-buffer-3.0.1.tgz 0ms (cache hit)
172 http cache jsx-ast-utils@https://registry.npmjs.org/jsx-ast-utils/-/jsx-ast-utils-3.3.5.tgz 0ms (cache hit)
173 http cache js-yaml@https://registry.npmjs.org/js-yaml/-/js-yaml-4.3.0.tgz 0ms (cache hit)
174 http cache js-tokens@https://registry.npmjs.org/js-tokens/-/js-tokens-4.0.0.tgz 0ms (cache hit)
175 http cache jackspeak@https://registry.npmjs.org/jackspeak/-/jackspeak-2.3.6.tgz 0ms (cache hit)
176 http cache iterator.prototype@https://registry.npmjs.org/iterator.prototype/-/iterator.prototype-1.1.5.tgz 0ms (cache hit)
177 http cache isexe@https://registry.npmjs.org/isexe/-/isexe-2.0.0.tgz 0ms (cache hit)
178 http cache isarray@https://registry.npmjs.org/isarray/-/isarray-2.0.5.tgz 0ms (cache hit)
179 http cache is-weakref@https://registry.npmjs.org/is-weakref/-/is-weakref-1.1.1.tgz 0ms (cache hit)
180 http cache jiti@https://registry.npmjs.org/jiti/-/jiti-1.21.7.tgz 0ms (cache hit)
181 http cache is-typed-array@https://registry.npmjs.org/is-typed-array/-/is-typed-array-1.1.15.tgz 0ms (cache hit)
182 http cache is-weakmap@https://registry.npmjs.org/is-weakmap/-/is-weakmap-2.0.2.tgz 0ms (cache hit)
183 http cache is-weakset@https://registry.npmjs.org/is-weakset/-/is-weakset-2.0.4.tgz 0ms (cache hit)
184 http cache is-symbol@https://registry.npmjs.org/is-symbol/-/is-symbol-1.1.1.tgz 0ms (cache hit)
185 http cache is-string@https://registry.npmjs.org/is-string/-/is-string-1.1.1.tgz 0ms (cache hit)
186 http cache is-shared-array-buffer@https://registry.npmjs.org/is-shared-array-buffer/-/is-shared-array-buffer-1.0.4.tgz 0ms (cache hit)
187 http cache is-regex@https://registry.npmjs.org/is-regex/-/is-regex-1.2.1.tgz 0ms (cache hit)
188 http cache is-set@https://registry.npmjs.org/is-set/-/is-set-2.0.3.tgz 0ms (cache hit)
189 http cache is-number@https://registry.npmjs.org/is-number/-/is-number-7.0.0.tgz 0ms (cache hit)
190 http cache is-negative-zero@https://registry.npmjs.org/is-negative-zero/-/is-negative-zero-2.0.3.tgz 0ms (cache hit)
191 http cache is-map@https://registry.npmjs.org/is-map/-/is-map-2.0.3.tgz 0ms (cache hit)
192 http cache is-glob@https://registry.npmjs.org/is-glob/-/is-glob-4.0.3.tgz 0ms (cache hit)
193 http cache is-number-object@https://registry.npmjs.org/is-number-object/-/is-number-object-1.1.1.tgz 0ms (cache hit)
194 http cache is-generator-function@https://registry.npmjs.org/is-generator-function/-/is-generator-function-1.1.2.tgz 0ms (cache hit)
195 http cache is-finalizationregistry@https://registry.npmjs.org/is-finalizationregistry/-/is-finalizationregistry-1.1.1.tgz 0ms (cache hit)
196 http cache is-extglob@https://registry.npmjs.org/is-extglob/-/is-extglob-2.1.1.tgz 0ms (cache hit)
197 http cache is-document.all@https://registry.npmjs.org/is-document.all/-/is-document.all-1.0.0.tgz 0ms (cache hit)
198 http cache is-data-view@https://registry.npmjs.org/is-data-view/-/is-data-view-1.0.2.tgz 0ms (cache hit)
199 http cache is-date-object@https://registry.npmjs.org/is-date-object/-/is-date-object-1.1.0.tgz 0ms (cache hit)
200 http cache is-path-inside@https://registry.npmjs.org/is-path-inside/-/is-path-inside-3.0.3.tgz 0ms (cache hit)
201 http cache is-fullwidth-code-point@https://registry.npmjs.org/is-fullwidth-code-point/-/is-fullwidth-code-point-3.0.0.tgz 0ms (cache hit)
202 http cache is-boolean-object@https://registry.npmjs.org/is-boolean-object/-/is-boolean-object-1.2.2.tgz 0ms (cache hit)
203 http cache is-core-module@https://registry.npmjs.org/is-core-module/-/is-core-module-2.16.2.tgz 0ms (cache hit)
204 http cache is-callable@https://registry.npmjs.org/is-callable/-/is-callable-1.2.7.tgz 0ms (cache hit)
205 http cache is-binary-path@https://registry.npmjs.org/is-binary-path/-/is-binary-path-2.1.0.tgz 0ms (cache hit)
206 http cache is-bigint@https://registry.npmjs.org/is-bigint/-/is-bigint-1.1.0.tgz 0ms (cache hit)
207 http cache is-array-buffer@https://registry.npmjs.org/is-array-buffer/-/is-array-buffer-3.0.5.tgz 0ms (cache hit)
208 http cache is-async-function@https://registry.npmjs.org/is-async-function/-/is-async-function-2.1.1.tgz 0ms (cache hit)
209 http cache internal-slot@https://registry.npmjs.org/internal-slot/-/internal-slot-1.1.0.tgz 0ms (cache hit)
210 http cache is-bun-module@https://registry.npmjs.org/is-bun-module/-/is-bun-module-2.0.0.tgz 0ms (cache hit)
211 http cache inflight@https://registry.npmjs.org/inflight/-/inflight-1.0.6.tgz 0ms (cache hit)
212 http cache inherits@https://registry.npmjs.org/inherits/-/inherits-2.0.4.tgz 0ms (cache hit)
213 http cache ignore@https://registry.npmjs.org/ignore/-/ignore-5.3.2.tgz 0ms (cache hit)
214 http cache html-to-text@https://registry.npmjs.org/html-to-text/-/html-to-text-9.0.5.tgz 0ms (cache hit)
215 http cache imurmurhash@https://registry.npmjs.org/imurmurhash/-/imurmurhash-0.1.4.tgz 0ms (cache hit)
216 http cache import-fresh@https://registry.npmjs.org/import-fresh/-/import-fresh-3.3.1.tgz 0ms (cache hit)
217 http cache hasown@https://registry.npmjs.org/hasown/-/hasown-2.0.4.tgz 0ms (cache hit)
218 http cache has-tostringtag@https://registry.npmjs.org/has-tostringtag/-/has-tostringtag-1.0.2.tgz 0ms (cache hit)
219 http cache has-symbols@https://registry.npmjs.org/has-symbols/-/has-symbols-1.1.0.tgz 0ms (cache hit)
220 http cache has-property-descriptors@https://registry.npmjs.org/has-property-descriptors/-/has-property-descriptors-1.0.2.tgz 0ms (cache hit)
221 http cache has-proto@https://registry.npmjs.org/has-proto/-/has-proto-1.2.0.tgz 0ms (cache hit)
222 http cache has-bigints@https://registry.npmjs.org/has-bigints/-/has-bigints-1.1.0.tgz 0ms (cache hit)
223 http cache has-flag@https://registry.npmjs.org/has-flag/-/has-flag-4.0.0.tgz 0ms (cache hit)
224 http cache graphemer@https://registry.npmjs.org/graphemer/-/graphemer-1.4.0.tgz 0ms (cache hit)
225 http cache globalthis@https://registry.npmjs.org/globalthis/-/globalthis-1.0.4.tgz 0ms (cache hit)
226 http cache gopd@https://registry.npmjs.org/gopd/-/gopd-1.2.0.tgz 0ms (cache hit)
227 http cache globals@https://registry.npmjs.org/globals/-/globals-13.24.0.tgz 0ms (cache hit)
228 http cache glob-parent@https://registry.npmjs.org/glob-parent/-/glob-parent-6.0.2.tgz 0ms (cache hit)
229 http cache graceful-fs@https://registry.npmjs.org/graceful-fs/-/graceful-fs-4.2.11.tgz 0ms (cache hit)
230 http cache glob@https://registry.npmjs.org/glob/-/glob-10.3.10.tgz 0ms (cache hit)
231 http cache get-proto@https://registry.npmjs.org/get-proto/-/get-proto-1.0.1.tgz 0ms (cache hit)
232 http cache get-symbol-description@https://registry.npmjs.org/get-symbol-description/-/get-symbol-description-1.1.0.tgz 0ms (cache hit)
233 http cache htmlparser2@https://registry.npmjs.org/htmlparser2/-/htmlparser2-8.0.2.tgz 0ms (cache hit)
234 http cache get-tsconfig@https://registry.npmjs.org/get-tsconfig/-/get-tsconfig-4.14.0.tgz 0ms (cache hit)
235 http cache functions-have-names@https://registry.npmjs.org/functions-have-names/-/functions-have-names-1.2.3.tgz 0ms (cache hit)
236 http cache get-intrinsic@https://registry.npmjs.org/get-intrinsic/-/get-intrinsic-1.3.0.tgz 0ms (cache hit)
237 http cache function-bind@https://registry.npmjs.org/function-bind/-/function-bind-1.1.2.tgz 0ms (cache hit)
238 http cache function.prototype.name@https://registry.npmjs.org/function.prototype.name/-/function.prototype.name-1.2.0.tgz 0ms (cache hit)
239 http cache fsevents@https://registry.npmjs.org/fsevents/-/fsevents-2.3.3.tgz 0ms (cache hit)
240 http cache fs.realpath@https://registry.npmjs.org/fs.realpath/-/fs.realpath-1.0.0.tgz 0ms (cache hit)
241 http cache flatted@https://registry.npmjs.org/flatted/-/flatted-3.4.2.tgz 0ms (cache hit)
242 http cache for-each@https://registry.npmjs.org/for-each/-/for-each-0.3.5.tgz 0ms (cache hit)
243 http cache framer-motion@https://registry.npmjs.org/framer-motion/-/framer-motion-11.18.2.tgz 0ms (cache hit)
244 http cache generator-function@https://registry.npmjs.org/generator-function/-/generator-function-2.0.1.tgz 0ms (cache hit)
245 http cache foreground-child@https://registry.npmjs.org/foreground-child/-/foreground-child-3.3.1.tgz 0ms (cache hit)
246 http cache fraction.js@https://registry.npmjs.org/fraction.js/-/fraction.js-5.3.4.tgz 0ms (cache hit)
247 http cache flat-cache@https://registry.npmjs.org/flat-cache/-/flat-cache-3.2.0.tgz 0ms (cache hit)
248 http cache find-up@https://registry.npmjs.org/find-up/-/find-up-5.0.0.tgz 0ms (cache hit)
249 http cache fill-range@https://registry.npmjs.org/fill-range/-/fill-range-7.1.1.tgz 0ms (cache hit)
250 http cache fastq@https://registry.npmjs.org/fastq/-/fastq-1.20.1.tgz 0ms (cache hit)
251 http cache fast-levenshtein@https://registry.npmjs.org/fast-levenshtein/-/fast-levenshtein-2.0.6.tgz 0ms (cache hit)
252 http cache fast-json-stable-stringify@https://registry.npmjs.org/fast-json-stable-stringify/-/fast-json-stable-stringify-2.1.0.tgz 0ms (cache hit)
253 http cache fast-glob@https://registry.npmjs.org/fast-glob/-/fast-glob-3.3.3.tgz 0ms (cache hit)
254 http cache file-entry-cache@https://registry.npmjs.org/file-entry-cache/-/file-entry-cache-6.0.1.tgz 0ms (cache hit)
255 http cache fast-deep-equal@https://registry.npmjs.org/fast-deep-equal/-/fast-deep-equal-3.1.3.tgz 0ms (cache hit)
256 http cache estraverse@https://registry.npmjs.org/estraverse/-/estraverse-5.3.0.tgz 0ms (cache hit)
257 http cache esutils@https://registry.npmjs.org/esutils/-/esutils-2.0.3.tgz 0ms (cache hit)
258 http cache esrecurse@https://registry.npmjs.org/esrecurse/-/esrecurse-4.3.0.tgz 0ms (cache hit)
259 http cache espree@https://registry.npmjs.org/espree/-/espree-9.6.1.tgz 0ms (cache hit)
260 http cache eslint-visitor-keys@https://registry.npmjs.org/eslint-visitor-keys/-/eslint-visitor-keys-3.4.3.tgz 0ms (cache hit)
261 http cache eslint-plugin-react-hooks@https://registry.npmjs.org/eslint-plugin-react-hooks/-/eslint-plugin-react-hooks-5.0.0-canary-7118f5dd7-20230705.tgz 0ms (cache hit)
262 http cache eslint-plugin-react@https://registry.npmjs.org/eslint-plugin-react/-/eslint-plugin-react-7.37.5.tgz 0ms (cache hit)
263 http cache eslint-plugin-jsx-a11y@https://registry.npmjs.org/eslint-plugin-jsx-a11y/-/eslint-plugin-jsx-a11y-6.10.2.tgz 0ms (cache hit)
264 http cache eslint-scope@https://registry.npmjs.org/eslint-scope/-/eslint-scope-7.2.2.tgz 0ms (cache hit)
265 http cache esquery@https://registry.npmjs.org/esquery/-/esquery-1.7.0.tgz 0ms (cache hit)
266 http cache eslint-plugin-import@https://registry.npmjs.org/eslint-plugin-import/-/eslint-plugin-import-2.32.0.tgz 0ms (cache hit)
267 http cache eslint-import-resolver-typescript@https://registry.npmjs.org/eslint-import-resolver-typescript/-/eslint-import-resolver-typescript-3.10.1.tgz 0ms (cache hit)
268 http cache eslint-config-next@https://registry.npmjs.org/eslint-config-next/-/eslint-config-next-14.2.15.tgz 0ms (cache hit)
269 http cache eslint-module-utils@https://registry.npmjs.org/eslint-module-utils/-/eslint-module-utils-2.14.0.tgz 0ms (cache hit)
270 http cache eslint-import-resolver-node@https://registry.npmjs.org/eslint-import-resolver-node/-/eslint-import-resolver-node-0.3.10.tgz 0ms (cache hit)
271 http cache escalade@https://registry.npmjs.org/escalade/-/escalade-3.2.0.tgz 0ms (cache hit)
272 http cache escape-string-regexp@https://registry.npmjs.org/escape-string-regexp/-/escape-string-regexp-4.0.0.tgz 0ms (cache hit)
273 http cache eslint@https://registry.npmjs.org/eslint/-/eslint-8.57.1.tgz 0ms (cache hit)
274 http cache es-to-primitive@https://registry.npmjs.org/es-to-primitive/-/es-to-primitive-1.3.4.tgz 0ms (cache hit)
275 http cache es-set-tostringtag@https://registry.npmjs.org/es-set-tostringtag/-/es-set-tostringtag-2.1.0.tgz 0ms (cache hit)
276 http cache es-shim-unscopables@https://registry.npmjs.org/es-shim-unscopables/-/es-shim-unscopables-1.1.0.tgz 0ms (cache hit)
277 http cache es-object-atoms@https://registry.npmjs.org/es-object-atoms/-/es-object-atoms-1.1.2.tgz 0ms (cache hit)
278 http cache es-iterator-helpers@https://registry.npmjs.org/es-iterator-helpers/-/es-iterator-helpers-1.3.3.tgz 0ms (cache hit)
279 http cache es-errors@https://registry.npmjs.org/es-errors/-/es-errors-1.3.0.tgz 0ms (cache hit)
280 http cache es-define-property@https://registry.npmjs.org/es-define-property/-/es-define-property-1.0.1.tgz 0ms (cache hit)
281 http cache electron-to-chromium@https://registry.npmjs.org/electron-to-chromium/-/electron-to-chromium-1.5.387.tgz 0ms (cache hit)
282 http cache es-abstract-get@https://registry.npmjs.org/es-abstract-get/-/es-abstract-get-1.0.0.tgz 0ms (cache hit)
283 http cache emoji-regex@https://registry.npmjs.org/emoji-regex/-/emoji-regex-9.2.2.tgz 0ms (cache hit)
284 http cache entities@https://registry.npmjs.org/entities/-/entities-4.5.0.tgz 0ms (cache hit)
285 http cache es-abstract@https://registry.npmjs.org/es-abstract/-/es-abstract-1.24.2.tgz 0ms (cache hit)
286 http cache eastasianwidth@https://registry.npmjs.org/eastasianwidth/-/eastasianwidth-0.2.0.tgz 0ms (cache hit)
287 http cache domutils@https://registry.npmjs.org/domutils/-/domutils-3.2.2.tgz 0ms (cache hit)
288 http cache dunder-proto@https://registry.npmjs.org/dunder-proto/-/dunder-proto-1.0.1.tgz 0ms (cache hit)
289 http cache domelementtype@https://registry.npmjs.org/domelementtype/-/domelementtype-2.3.0.tgz 0ms (cache hit)
290 http cache domhandler@https://registry.npmjs.org/domhandler/-/domhandler-5.0.3.tgz 0ms (cache hit)
291 http cache doctrine@https://registry.npmjs.org/doctrine/-/doctrine-3.0.0.tgz 0ms (cache hit)
292 http cache dom-serializer@https://registry.npmjs.org/dom-serializer/-/dom-serializer-2.0.0.tgz 0ms (cache hit)
293 http cache define-properties@https://registry.npmjs.org/define-properties/-/define-properties-1.2.1.tgz 0ms (cache hit)
294 http cache deepmerge@https://registry.npmjs.org/deepmerge/-/deepmerge-4.3.1.tgz 0ms (cache hit)
295 http cache define-data-property@https://registry.npmjs.org/define-data-property/-/define-data-property-1.1.4.tgz 0ms (cache hit)
296 http cache didyoumean@https://registry.npmjs.org/didyoumean/-/didyoumean-1.2.2.tgz 0ms (cache hit)
297 http cache debug@https://registry.npmjs.org/debug/-/debug-4.4.3.tgz 0ms (cache hit)
298 http cache data-view-byte-offset@https://registry.npmjs.org/data-view-byte-offset/-/data-view-byte-offset-1.0.1.tgz 0ms (cache hit)
299 http cache data-view-byte-length@https://registry.npmjs.org/data-view-byte-length/-/data-view-byte-length-1.0.2.tgz 0ms (cache hit)
300 http cache dlv@https://registry.npmjs.org/dlv/-/dlv-1.1.3.tgz 0ms (cache hit)
301 http cache csstype@https://registry.npmjs.org/csstype/-/csstype-3.2.3.tgz 0ms (cache hit)
302 http cache damerau-levenshtein@https://registry.npmjs.org/damerau-levenshtein/-/damerau-levenshtein-1.0.8.tgz 0ms (cache hit)
303 http cache data-view-buffer@https://registry.npmjs.org/data-view-buffer/-/data-view-buffer-1.0.2.tgz 0ms (cache hit)
304 http cache deep-is@https://registry.npmjs.org/deep-is/-/deep-is-0.1.4.tgz 0ms (cache hit)
305 http cache cross-spawn@https://registry.npmjs.org/cross-spawn/-/cross-spawn-7.0.6.tgz 0ms (cache hit)
306 http cache concat-map@https://registry.npmjs.org/concat-map/-/concat-map-0.0.1.tgz 0ms (cache hit)
307 http cache color-name@https://registry.npmjs.org/color-name/-/color-name-1.1.4.tgz 0ms (cache hit)
308 http cache commander@https://registry.npmjs.org/commander/-/commander-4.1.1.tgz 0ms (cache hit)
309 http cache color-convert@https://registry.npmjs.org/color-convert/-/color-convert-2.0.1.tgz 0ms (cache hit)
310 http cache chokidar@https://registry.npmjs.org/chokidar/-/chokidar-3.6.0.tgz 0ms (cache hit)
311 http cache client-only@https://registry.npmjs.org/client-only/-/client-only-0.0.1.tgz 0ms (cache hit)
312 http cache caniuse-lite@https://registry.npmjs.org/caniuse-lite/-/caniuse-lite-1.0.30001800.tgz 0ms (cache hit)
313 http cache camelcase-css@https://registry.npmjs.org/camelcase-css/-/camelcase-css-2.0.1.tgz 0ms (cache hit)
314 http cache callsites@https://registry.npmjs.org/callsites/-/callsites-3.1.0.tgz 0ms (cache hit)
315 http cache call-bound@https://registry.npmjs.org/call-bound/-/call-bound-1.0.4.tgz 0ms (cache hit)
316 http cache call-bind@https://registry.npmjs.org/call-bind/-/call-bind-1.0.9.tgz 0ms (cache hit)
317 http cache chalk@https://registry.npmjs.org/chalk/-/chalk-4.1.2.tgz 0ms (cache hit)
318 http cache call-bind-apply-helpers@https://registry.npmjs.org/call-bind-apply-helpers/-/call-bind-apply-helpers-1.0.2.tgz 0ms (cache hit)
319 http cache browserslist@https://registry.npmjs.org/browserslist/-/browserslist-4.28.4.tgz 0ms (cache hit)
320 http cache braces@https://registry.npmjs.org/braces/-/braces-3.0.3.tgz 0ms (cache hit)
321 http cache brace-expansion@https://registry.npmjs.org/brace-expansion/-/brace-expansion-1.1.15.tgz 0ms (cache hit)
322 http cache cssesc@https://registry.npmjs.org/cssesc/-/cssesc-3.0.0.tgz 0ms (cache hit)
323 http cache binary-extensions@https://registry.npmjs.org/binary-extensions/-/binary-extensions-2.3.0.tgz 0ms (cache hit)
324 http cache busboy@https://registry.npmjs.org/busboy/-/busboy-1.6.0.tgz 0ms (cache hit)
325 http cache balanced-match@https://registry.npmjs.org/balanced-match/-/balanced-match-1.0.2.tgz 0ms (cache hit)
326 http cache baseline-browser-mapping@https://registry.npmjs.org/baseline-browser-mapping/-/baseline-browser-mapping-2.10.42.tgz 0ms (cache hit)
327 http cache axobject-query@https://registry.npmjs.org/axobject-query/-/axobject-query-4.1.0.tgz 0ms (cache hit)
328 http cache available-typed-arrays@https://registry.npmjs.org/available-typed-arrays/-/available-typed-arrays-1.0.7.tgz 0ms (cache hit)
329 http cache axe-core@https://registry.npmjs.org/axe-core/-/axe-core-4.12.1.tgz 0ms (cache hit)
330 http cache autoprefixer@https://registry.npmjs.org/autoprefixer/-/autoprefixer-10.5.2.tgz 0ms (cache hit)
331 http cache async-function@https://registry.npmjs.org/async-function/-/async-function-1.0.0.tgz 0ms (cache hit)
332 http cache ast-types-flow@https://registry.npmjs.org/ast-types-flow/-/ast-types-flow-0.0.8.tgz 0ms (cache hit)
333 http cache array.prototype.tosorted@https://registry.npmjs.org/array.prototype.tosorted/-/array.prototype.tosorted-1.1.4.tgz 0ms (cache hit)
334 http cache array.prototype.flatmap@https://registry.npmjs.org/array.prototype.flatmap/-/array.prototype.flatmap-1.3.3.tgz 0ms (cache hit)
335 http cache arraybuffer.prototype.slice@https://registry.npmjs.org/arraybuffer.prototype.slice/-/arraybuffer.prototype.slice-1.0.4.tgz 0ms (cache hit)
336 http cache array.prototype.flat@https://registry.npmjs.org/array.prototype.flat/-/array.prototype.flat-1.3.3.tgz 0ms (cache hit)
337 http cache array.prototype.findlastindex@https://registry.npmjs.org/array.prototype.findlastindex/-/array.prototype.findlastindex-1.2.6.tgz 0ms (cache hit)
338 http cache array.prototype.findlast@https://registry.npmjs.org/array.prototype.findlast/-/array.prototype.findlast-1.2.5.tgz 0ms (cache hit)
339 http cache array-buffer-byte-length@https://registry.npmjs.org/array-buffer-byte-length/-/array-buffer-byte-length-1.0.2.tgz 0ms (cache hit)
340 http cache aria-query@https://registry.npmjs.org/aria-query/-/aria-query-5.3.2.tgz 0ms (cache hit)
341 http cache argparse@https://registry.npmjs.org/argparse/-/argparse-2.0.1.tgz 0ms (cache hit)
342 http cache array-includes@https://registry.npmjs.org/array-includes/-/array-includes-3.1.9.tgz 0ms (cache hit)
343 http cache arg@https://registry.npmjs.org/arg/-/arg-5.0.2.tgz 0ms (cache hit)
344 http cache any-promise@https://registry.npmjs.org/any-promise/-/any-promise-1.3.0.tgz 0ms (cache hit)
345 http cache ansi-styles@https://registry.npmjs.org/ansi-styles/-/ansi-styles-4.3.0.tgz 0ms (cache hit)
346 http cache ansi-regex@https://registry.npmjs.org/ansi-regex/-/ansi-regex-5.0.1.tgz 0ms (cache hit)
347 http cache acorn-jsx@https://registry.npmjs.org/acorn-jsx/-/acorn-jsx-5.3.2.tgz 0ms (cache hit)
348 http cache ajv@https://registry.npmjs.org/ajv/-/ajv-6.15.0.tgz 0ms (cache hit)
349 http cache acorn@https://registry.npmjs.org/acorn/-/acorn-8.17.0.tgz 0ms (cache hit)
350 http cache @typescript-eslint/visitor-keys@https://registry.npmjs.org/@typescript-eslint/visitor-keys/-/visitor-keys-8.62.1.tgz 0ms (cache hit)
351 http cache anymatch@https://registry.npmjs.org/anymatch/-/anymatch-3.1.3.tgz 0ms (cache hit)
352 http cache @unrs/resolver-binding-darwin-arm64@https://registry.npmjs.org/@unrs/resolver-binding-darwin-arm64/-/resolver-binding-darwin-arm64-1.12.2.tgz 0ms (cache hit)
353 http cache @typescript-eslint/utils@https://registry.npmjs.org/@typescript-eslint/utils/-/utils-8.62.1.tgz 0ms (cache hit)
354 http cache @typescript-eslint/type-utils@https://registry.npmjs.org/@typescript-eslint/type-utils/-/type-utils-8.62.1.tgz 0ms (cache hit)
355 http cache @typescript-eslint/typescript-estree@https://registry.npmjs.org/@typescript-eslint/typescript-estree/-/typescript-estree-8.62.1.tgz 0ms (cache hit)
356 http cache @typescript-eslint/tsconfig-utils@https://registry.npmjs.org/@typescript-eslint/tsconfig-utils/-/tsconfig-utils-8.62.1.tgz 0ms (cache hit)
357 http cache @typescript-eslint/types@https://registry.npmjs.org/@typescript-eslint/types/-/types-8.62.1.tgz 0ms (cache hit)
358 http cache @ungap/structured-clone@https://registry.npmjs.org/@ungap/structured-clone/-/structured-clone-1.3.2.tgz 0ms (cache hit)
359 http cache @typescript-eslint/scope-manager@https://registry.npmjs.org/@typescript-eslint/scope-manager/-/scope-manager-8.62.1.tgz 0ms (cache hit)
360 http cache @typescript-eslint/parser@https://registry.npmjs.org/@typescript-eslint/parser/-/parser-8.62.1.tgz 0ms (cache hit)
361 http cache @types/react-dom@https://registry.npmjs.org/@types/react-dom/-/react-dom-18.3.7.tgz 0ms (cache hit)
362 http cache @types/prop-types@https://registry.npmjs.org/@types/prop-types/-/prop-types-15.7.15.tgz 0ms (cache hit)
363 http cache @types/react@https://registry.npmjs.org/@types/react/-/react-18.3.31.tgz 0ms (cache hit)
364 http cache @typescript-eslint/eslint-plugin@https://registry.npmjs.org/@typescript-eslint/eslint-plugin/-/eslint-plugin-8.62.1.tgz 0ms (cache hit)
365 http cache @types/json5@https://registry.npmjs.org/@types/json5/-/json5-0.0.29.tgz 0ms (cache hit)
366 http cache @swc/helpers@https://registry.npmjs.org/@swc/helpers/-/helpers-0.5.5.tgz 0ms (cache hit)
367 http cache @typescript-eslint/project-service@https://registry.npmjs.org/@typescript-eslint/project-service/-/project-service-8.62.1.tgz 0ms (cache hit)
368 http cache @types/node@https://registry.npmjs.org/@types/node/-/node-22.20.0.tgz 0ms (cache hit)
369 http cache @swc/counter@https://registry.npmjs.org/@swc/counter/-/counter-0.1.3.tgz 0ms (cache hit)
370 http cache @selderee/plugin-htmlparser2@https://registry.npmjs.org/@selderee/plugin-htmlparser2/-/plugin-htmlparser2-0.11.0.tgz 0ms (cache hit)
371 http cache @rtsao/scc@https://registry.npmjs.org/@rtsao/scc/-/scc-1.1.0.tgz 0ms (cache hit)
372 http cache @react-email/render@https://registry.npmjs.org/@react-email/render/-/render-1.1.2.tgz 0ms (cache hit)
373 http cache @pkgjs/parseargs@https://registry.npmjs.org/@pkgjs/parseargs/-/parseargs-0.11.0.tgz 0ms (cache hit)
374 http cache @nodelib/fs.walk@https://registry.npmjs.org/@nodelib/fs.walk/-/fs.walk-1.2.8.tgz 0ms (cache hit)
375 http cache @nolyfill/is-core-module@https://registry.npmjs.org/@nolyfill/is-core-module/-/is-core-module-1.0.39.tgz 0ms (cache hit)
376 http cache @next/eslint-plugin-next@https://registry.npmjs.org/@next/eslint-plugin-next/-/eslint-plugin-next-14.2.15.tgz 0ms (cache hit)
377 http cache @nodelib/fs.scandir@https://registry.npmjs.org/@nodelib/fs.scandir/-/fs.scandir-2.1.5.tgz 0ms (cache hit)
378 http cache @next/swc-darwin-arm64@https://registry.npmjs.org/@next/swc-darwin-arm64/-/swc-darwin-arm64-14.2.15.tgz 0ms (cache hit)
379 http cache @rushstack/eslint-patch@https://registry.npmjs.org/@rushstack/eslint-patch/-/eslint-patch-1.16.1.tgz 0ms (cache hit)
380 http cache @nodelib/fs.stat@https://registry.npmjs.org/@nodelib/fs.stat/-/fs.stat-2.0.5.tgz 0ms (cache hit)
381 http cache @next/env@https://registry.npmjs.org/@next/env/-/env-14.2.15.tgz 0ms (cache hit)
382 http cache @jridgewell/sourcemap-codec@https://registry.npmjs.org/@jridgewell/sourcemap-codec/-/sourcemap-codec-1.5.5.tgz 0ms (cache hit)
383 http cache @jridgewell/trace-mapping@https://registry.npmjs.org/@jridgewell/trace-mapping/-/trace-mapping-0.3.31.tgz 0ms (cache hit)
384 http cache @jridgewell/gen-mapping@https://registry.npmjs.org/@jridgewell/gen-mapping/-/gen-mapping-0.3.13.tgz 0ms (cache hit)
385 http cache @jridgewell/resolve-uri@https://registry.npmjs.org/@jridgewell/resolve-uri/-/resolve-uri-3.1.2.tgz 0ms (cache hit)
386 http cache @humanwhocodes/module-importer@https://registry.npmjs.org/@humanwhocodes/module-importer/-/module-importer-1.0.1.tgz 0ms (cache hit)
387 http cache @humanwhocodes/object-schema@https://registry.npmjs.org/@humanwhocodes/object-schema/-/object-schema-2.0.3.tgz 0ms (cache hit)
388 http cache @eslint/js@https://registry.npmjs.org/@eslint/js/-/js-8.57.1.tgz 0ms (cache hit)
389 http cache @eslint/eslintrc@https://registry.npmjs.org/@eslint/eslintrc/-/eslintrc-2.1.4.tgz 0ms (cache hit)
390 http cache @eslint-community/regexpp@https://registry.npmjs.org/@eslint-community/regexpp/-/regexpp-4.12.2.tgz 0ms (cache hit)
391 http cache @eslint-community/eslint-utils@https://registry.npmjs.org/@eslint-community/eslint-utils/-/eslint-utils-4.9.1.tgz 0ms (cache hit)
392 http cache @alloc/quick-lru@https://registry.npmjs.org/@alloc/quick-lru/-/quick-lru-5.2.0.tgz 0ms (cache hit)
393 http cache @isaacs/cliui@https://registry.npmjs.org/@isaacs/cliui/-/cliui-8.0.2.tgz 0ms (cache hit)
394 http cache emoji-regex@https://registry.npmjs.org/emoji-regex/-/emoji-regex-8.0.0.tgz 0ms (cache hit)
395 http cache string-width@https://registry.npmjs.org/string-width/-/string-width-4.2.3.tgz 0ms (cache hit)
396 http cache strip-ansi@https://registry.npmjs.org/strip-ansi/-/strip-ansi-7.2.0.tgz 0ms (cache hit)
397 http cache picomatch@https://registry.npmjs.org/picomatch/-/picomatch-4.0.5.tgz 0ms (cache hit)
398 http cache fdir@https://registry.npmjs.org/fdir/-/fdir-6.5.0.tgz 0ms (cache hit)
399 http cache ansi-regex@https://registry.npmjs.org/ansi-regex/-/ansi-regex-6.2.2.tgz 0ms (cache hit)
400 http cache @humanwhocodes/config-array@https://registry.npmjs.org/@humanwhocodes/config-array/-/config-array-0.13.0.tgz 0ms (cache hit)
401 http cache resolve@https://registry.npmjs.org/resolve/-/resolve-1.22.12.tgz 0ms (cache hit)
402 http cache ansi-styles@https://registry.npmjs.org/ansi-styles/-/ansi-styles-6.2.3.tgz 0ms (cache hit)
403 http cache ansi-regex@https://registry.npmjs.org/ansi-regex/-/ansi-regex-6.2.2.tgz 0ms (cache hit)
404 http cache strip-ansi@https://registry.npmjs.org/strip-ansi/-/strip-ansi-7.2.0.tgz 0ms (cache hit)
405 http cache glob@https://registry.npmjs.org/glob/-/glob-7.2.3.tgz 0ms (cache hit)
406 http cache resolve@https://registry.npmjs.org/resolve/-/resolve-1.22.12.tgz 0ms (cache hit)
407 http cache fast-deep-equal@https://registry.npmjs.org/fast-deep-equal/-/fast-deep-equal-2.0.1.tgz 0ms (cache hit)
408 http cache semver@https://registry.npmjs.org/semver/-/semver-6.3.1.tgz 0ms (cache hit)
409 http cache minimatch@https://registry.npmjs.org/minimatch/-/minimatch-9.0.9.tgz 0ms (cache hit)
410 http cache glob-parent@https://registry.npmjs.org/glob-parent/-/glob-parent-5.1.2.tgz 0ms (cache hit)
411 http cache emoji-regex@https://registry.npmjs.org/emoji-regex/-/emoji-regex-8.0.0.tgz 0ms (cache hit)
412 http cache postcss@https://registry.npmjs.org/postcss/-/postcss-8.4.31.tgz 0ms (cache hit)
413 http cache semver@https://registry.npmjs.org/semver/-/semver-6.3.1.tgz 0ms (cache hit)
414 http cache doctrine@https://registry.npmjs.org/doctrine/-/doctrine-2.1.0.tgz 0ms (cache hit)
415 http cache semver@https://registry.npmjs.org/semver/-/semver-6.3.1.tgz 0ms (cache hit)
416 http cache debug@https://registry.npmjs.org/debug/-/debug-3.2.7.tgz 0ms (cache hit)
417 http cache doctrine@https://registry.npmjs.org/doctrine/-/doctrine-2.1.0.tgz 0ms (cache hit)
418 http cache debug@https://registry.npmjs.org/debug/-/debug-3.2.7.tgz 0ms (cache hit)
419 http cache brace-expansion@https://registry.npmjs.org/brace-expansion/-/brace-expansion-2.1.1.tgz 0ms (cache hit)
420 http cache glob-parent@https://registry.npmjs.org/glob-parent/-/glob-parent-5.1.2.tgz 0ms (cache hit)
421 http cache debug@https://registry.npmjs.org/debug/-/debug-3.2.7.tgz 0ms (cache hit)
422 http cache balanced-match@https://registry.npmjs.org/balanced-match/-/balanced-match-4.0.4.tgz 0ms (cache hit)
423 http cache minimatch@https://registry.npmjs.org/minimatch/-/minimatch-10.2.5.tgz 0ms (cache hit)
424 http cache eslint-visitor-keys@https://registry.npmjs.org/eslint-visitor-keys/-/eslint-visitor-keys-5.0.1.tgz 0ms (cache hit)
425 http cache brace-expansion@https://registry.npmjs.org/brace-expansion/-/brace-expansion-5.0.7.tgz 0ms (cache hit)
426 http cache ignore@https://registry.npmjs.org/ignore/-/ignore-7.0.5.tgz 0ms (cache hit)
427 http cache strip-ansi@https://registry.npmjs.org/strip-ansi/-/strip-ansi-7.2.0.tgz 0ms (cache hit)
428 http cache ansi-regex@https://registry.npmjs.org/ansi-regex/-/ansi-regex-6.2.2.tgz 0ms (cache hit)
429 http fetch GET 200 https://registry.npmjs.org/npm 658ms
430 warn deprecated inflight@1.0.6: This module is not supported, and leaks memory. Do not use it. Check out lru-cache if you want a good and tested way to coalesce async requests by a key value, which is much more comprehensive and powerful.
431 warn deprecated @humanwhocodes/config-array@0.13.0: Use @eslint/config-array instead
432 warn deprecated rimraf@3.0.2: Rimraf versions prior to v4 are no longer supported
433 http fetch POST 200 https://registry.npmjs.org/-/npm/v1/security/advisories/bulk 702ms
434 silly audit report {
434 silly audit report   'brace-expansion': [
434 silly audit report     {
434 silly audit report       id: 1130588,
434 silly audit report       url: 'https://github.com/advisories/GHSA-mh99-v99m-4gvg',
434 silly audit report       title: 'brace-expansion: DoS via unbounded expansion length causing an out-of-memory process crash',
434 silly audit report       severity: 'high',
434 silly audit report       vulnerable_versions: '<1.1.17',
434 silly audit report       cwe: [Array],
434 silly audit report       cvss: [Object]
434 silly audit report     },
434 silly audit report     {
434 silly audit report       id: 1130589,
434 silly audit report       url: 'https://github.com/advisories/GHSA-mh99-v99m-4gvg',
434 silly audit report       title: 'brace-expansion: DoS via unbounded expansion length causing an out-of-memory process crash',
434 silly audit report       severity: 'high',
434 silly audit report       vulnerable_versions: '>=2.0.0 <2.1.3',
434 silly audit report       cwe: [Array],
434 silly audit report       cvss: [Object]
434 silly audit report     },
434 silly audit report     {
434 silly audit report       id: 1130591,
434 silly audit report       url: 'https://github.com/advisories/GHSA-mh99-v99m-4gvg',
434 silly audit report       title: 'brace-expansion: DoS via unbounded expansion length causing an out-of-memory process crash',
434 silly audit report       severity: 'high',
434 silly audit report       vulnerable_versions: '>=4.0.0 <5.0.8',
434 silly audit report       cwe: [Array],
434 silly audit report       cvss: [Object]
434 silly audit report     },
434 silly audit report     {
434 silly audit report       id: 1130734,
434 silly audit report       url: 'https://github.com/advisories/GHSA-rgw5-rvv9-x895',
434 silly audit report       title: 'brace-expansion: DoS via unbounded intermediate arrays, bypassing the CVE-2026-14257 mitigation',
434 silly audit report       severity: 'high',
434 silly audit report       vulnerable_versions: '>=4.0.0 <5.0.9',
434 silly audit report       cwe: [Array],
434 silly audit report       cvss: [Object]
434 silly audit report     },
434 silly audit report     {
434 silly audit report       id: 1130736,
434 silly audit report       url: 'https://github.com/advisories/GHSA-rgw5-rvv9-x895',
434 silly audit report       title: 'brace-expansion: DoS via unbounded intermediate arrays, bypassing the CVE-2026-14257 mitigation',
434 silly audit report       severity: 'high',
434 silly audit report       vulnerable_versions: '>=2.0.0 <2.1.4',
434 silly audit report       cwe: [Array],
434 silly audit report       cvss: [Object]
434 silly audit report     },
434 silly audit report     {
434 silly audit report       id: 1130737,
434 silly audit report       url: 'https://github.com/advisories/GHSA-rgw5-rvv9-x895',
434 silly audit report       title: 'brace-expansion: DoS via unbounded intermediate arrays, bypassing the CVE-2026-14257 mitigation',
434 silly audit report       severity: 'high',
434 silly audit report       vulnerable_versions: '<1.1.18',
434 silly audit report       cwe: [Array],
434 silly audit report       cvss: [Object]
434 silly audit report     },
434 silly audit report     {
434 silly audit report       id: 1123896,
434 silly audit report       url: 'https://github.com/advisories/GHSA-3jxr-9vmj-r5cp',
434 silly audit report       title: 'brace-expansion: DoS via exponential-time expansion of consecutive non-expanding {} groups',
434 silly audit report       severity: 'high',
434 silly audit report       vulnerable_versions: '>=2.0.0 <2.1.2',
434 silly audit report       cwe: [Array],
434 silly audit report       cvss: [Object]
434 silly audit report     },
434 silly audit report     {
434 silly audit report       id: 1123897,
434 silly audit report       url: 'https://github.com/advisories/GHSA-3jxr-9vmj-r5cp',
434 silly audit report       title: 'brace-expansion: DoS via exponential-time expansion of consecutive non-expanding {} groups',
434 silly audit report       severity: 'high',
434 silly audit report       vulnerable_versions: '<1.1.16',
434 silly audit report       cwe: [Array],
434 silly audit report       cvss: [Object]
434 silly audit report     }
434 silly audit report   ],
434 silly audit report   'baseline-browser-mapping': [
434 silly audit report     {
434 silly audit report       id: 1193686,
434 silly audit report       url: 'https://github.com/advisories/GHSA-w5vr-8v7q-w6rv',
434 silly audit report       title: 'baseline-browser-mapping process termination on invalid input causes denial of service',
434 silly audit report       severity: 'moderate',
434 silly audit report       vulnerable_versions: '>=2.0.0 <2.11.0',
434 silly audit report       cwe: [Array],
434 silly audit report       cvss: [Object]
434 silly audit report     }
434 silly audit report   ],
434 silly audit report   browserslist: [
434 silly audit report     {
434 silly audit report       id: 1153171,
434 silly audit report       url: 'https://github.com/advisories/GHSA-c83g-rgw3-j3cx',
434 silly audit report       title: 'Browserslist: Unbounded memory growth (no cache eviction) via distinct query results, leading to eventual OOM',
434 silly audit report       severity: 'high',
434 silly audit report       vulnerable_versions: '<=4.28.6',
434 silly audit report       cwe: [Array],
434 silly audit report       cvss: [Object]
434 silly audit report     },
434 silly audit report     {
434 silly audit report       id: 1153172,
434 silly audit report       url: 'https://github.com/advisories/GHSA-73wf-gq98-2v4g',
434 silly audit report       title: 'Browserslist: Uncaught crash / prototype write via untrusted browserslist-stats.json custom stats (normalizeStats)',
434 silly audit report       severity: 'high',
434 silly audit report       vulnerable_versions: '<=4.28.6',
434 silly audit report       cwe: [Array],
434 silly audit report       cvss: [Object]
434 silly audit report     }
434 silly audit report   ],
434 silly audit report   glob: [
434 silly audit report     {
434 silly audit report       id: 1109842,
434 silly audit report       url: 'https://github.com/advisories/GHSA-5j98-mcp5-4vw2',
434 silly audit report       title: 'glob CLI: Command injection via -c/--cmd executes matches with shell:true',
434 silly audit report       severity: 'high',
434 silly audit report       vulnerable_versions: '>=10.2.0 <10.5.0',
434 silly audit report       cwe: [Array],
434 silly audit report       cvss: [Object]
434 silly audit report     }
434 silly audit report   ],
434 silly audit report   'js-yaml': [
434 silly audit report     {
434 silly audit report       id: 1138115,
434 silly audit report       url: 'https://github.com/advisories/GHSA-5p4m-2wfm-xmqj',
434 silly audit report       title: 'JS-YAML: Quadratic CPU consumption in !!omap resolution (3.x and 4.x) — CVE-2026-59870 fix not backported',
434 silly audit report       severity: 'high',
434 silly audit report       vulnerable_versions: '>=4.0.0 <4.3.1',
434 silly audit report       cwe: [Array],
434 silly audit report       cvss: [Object]
434 silly audit report     },
434 silly audit report     {
434 silly audit report       id: 1193727,
434 silly audit report       url: 'https://github.com/advisories/GHSA-2883-xcg3-v3hh',
434 silly audit report       title: 'js-yaml: maxTotalMergeKeys does not limit CPU use for empty merge sources',
434 silly audit report       severity: 'high',
434 silly audit report       vulnerable_versions: '>=4.0.0 <4.3.2',
434 silly audit report       cwe: [Array],
434 silly audit report       cvss: [Object]
434 silly audit report     }
434 silly audit report   ],
434 silly audit report   nanoid: [
434 silly audit report     {
434 silly audit report       id: 1138811,
434 silly audit report       url: 'https://github.com/advisories/GHSA-28wg-ghj8-5hjv',
434 silly audit report       title: 'nanoid: non-secure generators can loop indefinitely with negative size',
434 silly audit report       severity: 'high',
434 silly audit report       vulnerable_versions: '<3.3.16',
434 silly audit report       cwe: [Array],
434 silly audit report       cvss: [Object]
434 silly audit report     },
434 silly audit report     {
434 silly audit report       id: 1139427,
434 silly audit report       url: 'https://github.com/advisories/GHSA-2v37-7h3g-55p8',
434 silly audit report       title: 'nanoid: custom generators can loop indefinitely when size is zero',
434 silly audit report       severity: 'high',
434 silly audit report       vulnerable_versions: '<3.3.18',
434 silly audit report       cwe: [Array],
434 silly audit report       cvss: [Object]
434 silly audit report     }
434 silly audit report   ],
434 silly audit report   next: [
434 silly audit report     {
434 silly audit report       id: 1117931,
434 silly audit report       url: 'https://github.com/advisories/GHSA-8h8q-6873-q5fj',
434 silly audit report       title: 'Next.js Vulnerable to Denial of Service with Server Components',
434 silly audit report       severity: 'high',
434 silly audit report       vulnerable_versions: '>=13.0.0 <15.5.16',
434 silly audit report       cwe: [Array],
434 silly audit report       cvss: [Object]
434 silly audit report     },
434 silly audit report     {
434 silly audit report       id: 1101438,
434 silly audit report       url: 'https://github.com/advisories/GHSA-7m27-7ghc-44w9',
434 silly audit report       title: 'Next.js Allows a Denial of Service (DoS) with Server Actions',
434 silly audit report       severity: 'moderate',
434 silly audit report       vulnerable_versions: '>=14.0.0 <14.2.21',
434 silly audit report       cwe: [Array],
434 silly audit report       cvss: [Object]
434 silly audit report     },
434 silly audit report     {
434 silly audit report       id: 1105461,
434 silly audit report       url: 'https://github.com/advisories/GHSA-3h52-269p-cp9r',
434 silly audit report       title: 'Information exposure in Next.js dev server due to lack of origin verification',
434 silly audit report       severity: 'low',
434 silly audit report       vulnerable_versions: '>=13.0 <14.2.30',
434 silly audit report       cwe: [Array],
434 silly audit report       cvss: [Object]
434 silly audit report     },
434 silly audit report     {
434 silly audit report       id: 1111391,
434 silly audit report       url: 'https://github.com/advisories/GHSA-mwv6-3258-q52c',
434 silly audit report       title: 'Next Vulnerable to Denial of Service with Server Components',
434 silly audit report       severity: 'high',
434 silly audit report       vulnerable_versions: '>=13.3.0 <14.2.34',
434 silly audit report       cwe: [Array],
434 silly audit report       cvss: [Object]
434 silly audit report     },
434 silly audit report     {
434 silly audit report       id: 1107226,
434 silly audit report       url: 'https://github.com/advisories/GHSA-g5qg-72qw-gw5v',
434 silly audit report       title: 'Next.js Affected by Cache Key Confusion for Image Optimization API Routes',
434 silly audit report       severity: 'moderate',
434 silly audit report       vulnerable_versions: '>=0.9.9 <14.2.31',
434 silly audit report       cwe: [Array],
434 silly audit report       cvss: [Object]
434 silly audit report     },
434 silly audit report     {
434 silly audit report       id: 1107512,
434 silly audit report       url: 'https://github.com/advisories/GHSA-4342-x723-ch2f',
434 silly audit report       title: 'Next.js Improper Middleware Redirect Handling Leads to SSRF',
434 silly audit report       severity: 'moderate',
434 silly audit report       vulnerable_versions: '>=0.9.9 <14.2.32',
434 silly audit report       cwe: [Array],
434 silly audit report       cvss: [Object]
434 silly audit report     },
434 silly audit report     {
434 silly audit report       id: 1107513,
434 silly audit report       url: 'https://github.com/advisories/GHSA-xv57-4mr9-wg8v',
434 silly audit report       title: 'Next.js Content Injection Vulnerability for Image Optimization',
434 silly audit report       severity: 'moderate',
434 silly audit report       vulnerable_versions: '>=0.9.9 <14.2.31',
434 silly audit report       cwe: [Array],
434 silly audit report       cvss: [Object]
434 silly audit report     },
434 silly audit report     {
434 silly audit report       id: 1112182,
434 silly audit report       url: 'https://github.com/advisories/GHSA-5j59-xgg2-r9c4',
434 silly audit report       title: 'Next has a Denial of Service with Server Components - Incomplete Fix Follow-Up',
434 silly audit report       severity: 'high',
434 silly audit report       vulnerable_versions: '>=13.3.1-canary.0 <14.2.35',
434 silly audit report       cwe: [Array],
434 silly audit report       cvss: [Object]
434 silly audit report     },
434 silly audit report     {
434 silly audit report       id: 1108291,
434 silly audit report       url: 'https://github.com/advisories/GHSA-qpjv-v59x-3qc4',
434 silly audit report       title: 'Next.js Race Condition to Cache Poisoning',
434 silly audit report       severity: 'low',
434 silly audit report       vulnerable_versions: '>=0.9.9 <14.2.24',
434 silly audit report       cwe: [Array],
434 silly audit report       cvss: [Object]
434 silly audit report     },
434 silly audit report     {
434 silly audit report       id: 1118942,
434 silly audit report       url: 'https://github.com/advisories/GHSA-3g8h-86w9-wvmq',
434 silly audit report       title: "Next.js's Middleware / Proxy redirects can be cache-poisoned",
434 silly audit report       severity: 'low',
434 silly audit report       vulnerable_versions: '>=12.2.0 <15.5.16',
434 silly audit report       cwe: [Array],
434 silly audit report       cvss: [Object]
434 silly audit report     },
434 silly audit report     {
434 silly audit report       id: 1118944,
434 silly audit report       url: 'https://github.com/advisories/GHSA-ffhc-5mcf-pf4q',
434 silly audit report       title: 'Next.js vulnerable to cross-site scripting in App Router applications using CSP nonces',
434 silly audit report       severity: 'moderate',
434 silly audit report       vulnerable_versions: '>=13.4.0 <15.5.16',
434 silly audit report       cwe: [Array],
434 silly audit report       cvss: [Object]
434 silly audit report     },
434 silly audit report     {
434 silly audit report       id: 1118946,
434 silly audit report       url: 'https://github.com/advisories/GHSA-vfv6-92ff-j949',
434 silly audit report       title: 'Next.js vulnerable to cache poisoning via collisions in React Server Component cache-busting',
434 silly audit report       severity: 'low',
434 silly audit report       vulnerable_versions: '>=13.4.6 <15.5.16',
434 silly audit report       cwe: [Array],
434 silly audit report       cvss: [Object]
434 silly audit report     },
434 silly audit report     {
434 silly audit report       id: 1118948,
434 silly audit report       url: 'https://github.com/advisories/GHSA-gx5p-jg67-6x7h',
434 silly audit report       title: 'Next.js has cross-site scripting in beforeInteractive scripts with untrusted input',
434 silly audit report       severity: 'moderate',
434 silly audit report       vulnerable_versions: '>=13.0.0 <15.5.16',
434 silly audit report       cwe: [Array],
434 silly audit report       cvss: [Object]
434 silly audit report     },
434 silly audit report     {
434 silly audit report       id: 1118952,
434 silly audit report       url: 'https://github.com/advisories/GHSA-h64f-5h5j-jqjh',
434 silly audit report       title: 'Next.js has a Denial of Service in the Image Optimization API',
434 silly audit report       severity: 'moderate',
434 silly audit report       vulnerable_versions: '>=10.0.0 <15.5.16',
434 silly audit report       cwe: [Array],
434 silly audit report       cvss: [Object]
434 silly audit report     },
434 silly audit report     {
434 silly audit report       id: 1118954,
434 silly audit report       url: 'https://github.com/advisories/GHSA-c4j6-fc7j-m34r',
434 silly audit report       title: 'Next.js vulnerable to server-side request forgery in applications using WebSocket upgrades',
434 silly audit report       severity: 'high',
434 silly audit report       vulnerable_versions: '>=13.4.13 <15.5.16',
434 silly audit report       cwe: [Array],
434 silly audit report       cvss: [Object]
434 silly audit report     },
434 silly audit report     {
434 silly audit report       id: 1118958,
434 silly audit report       url: 'https://github.com/advisories/GHSA-wfc6-r584-vfw7',
434 silly audit report       title: 'Next.js vulnerable to cache poisoning in React Server Component responses',
434 silly audit report       severity: 'moderate',
434 silly audit report       vulnerable_versions: '>=14.2.0 <15.5.16',
434 silly audit report       cwe: [Array],
434 silly audit report       cvss: [Object]
434 silly audit report     },
434 silly audit report     {
434 silly audit report       id: 1118962,
434 silly audit report       url: 'https://github.com/advisories/GHSA-36qx-fr4f-26g5',
434 silly audit report       title: 'Next.js has a Middleware / Proxy bypass in Pages Router applications using i18n',
434 silly audit report       severity: 'high',
434 silly audit report       vulnerable_versions: '>=12.2.0 <15.5.16',
434 silly audit report       cwe: [Array],
434 silly audit report       cvss: [Object]
434 silly audit report     },
434 silly audit report     {
434 silly audit report       id: 1112593,
434 silly audit report       url: 'https://github.com/advisories/GHSA-9g9p-9gw9-jx7f',
434 silly audit report       title: 'Next.js self-hosted applications vulnerable to DoS via Image Optimizer remotePatterns configuration',
434 silly audit report       severity: 'moderate',
434 silly audit report       vulnerable_versions: '>=10.0.0 <15.5.10',
434 silly audit report       cwe: [Array],
434 silly audit report       cvss: [Object]
434 silly audit report     },
434 silly audit report     {
434 silly audit report       id: 1112653,
434 silly audit report       url: 'https://github.com/advisories/GHSA-h25m-26qc-wcjf',
434 silly audit report       title: 'Next.js HTTP request deserialization can lead to DoS when using insecure React Server Components',
434 silly audit report       severity: 'high',
434 silly audit report       vulnerable_versions: '>=13.0.0 <15.0.8',
434 silly audit report       cwe: [Array],
434 silly audit report       cvss: [Object]
434 silly audit report     },
434 silly audit report     {
434 silly audit report       id: 1113689,
434 silly audit report       url: 'https://github.com/advisories/GHSA-f82v-jwr5-mffw',
434 silly audit report       title: 'Authorization Bypass in Next.js Middleware',
434 silly audit report       severity: 'critical',
434 silly audit report       vulnerable_versions: '>=14.0.0 <14.2.25',
434 silly audit report       cwe: [Array],
434 silly audit report       cvss: [Object]
434 silly audit report     },
434 silly audit report     {
434 silly audit report       id: 1114897,
434 silly audit report       url: 'https://github.com/advisories/GHSA-ggv3-7p47-pfv8',
434 silly audit report       title: 'Next.js: HTTP request smuggling in rewrites',
434 silly audit report       severity: 'moderate',
434 silly audit report       vulnerable_versions: '>=9.5.0 <15.5.13',
434 silly audit report       cwe: [Array],
434 silly audit report       cvss: [Object]
434 silly audit report     },
434 silly audit report     {
434 silly audit report       id: 1114940,
434 silly audit report       url: 'https://github.com/advisories/GHSA-3x4c-7xq6-9pq8',
434 silly audit report       title: 'Next.js: Unbounded next/image disk cache growth can exhaust storage',
434 silly audit report       severity: 'moderate',
434 silly audit report       vulnerable_versions: '>=10.0.0 <15.5.14',
434 silly audit report       cwe: [Array],
434 silly audit report       cvss: [Object]
434 silly audit report     },
434 silly audit report     {
434 silly audit report       id: 1116376,
434 silly audit report       url: 'https://github.com/advisories/GHSA-q4gf-8mx6-v5v3',
434 silly audit report       title: 'Next.js has a Denial of Service with Server Components',
434 silly audit report       severity: 'high',
434 silly audit report       vulnerable_versions: '>=13.0.0 <15.5.15',
434 silly audit report       cwe: [Array],
434 silly audit report       cvss: [Object]
434 silly audit report     },
434 silly audit report     {
434 silly audit report       id: 1124185,
434 silly audit report       url: 'https://github.com/advisories/GHSA-89xv-2m56-2m9x',
434 silly audit report       title: 'Next.js: Server-Side Request Forgery in Server Actions on custom servers',
434 silly audit report       severity: 'high',
434 silly audit report       vulnerable_versions: '>=14.1.1 <15.5.21',
434 silly audit report       cwe: [Array],
434 silly audit report       cvss: [Object]
434 silly audit report     },
434 silly audit report     {
434 silly audit report       id: 1124172,
434 silly audit report       url: 'https://github.com/advisories/GHSA-m99w-x7hq-7vfj',
434 silly audit report       title: 'Next.js: Denial of Service in App Router using Server Actions',
434 silly audit report       severity: 'high',
434 silly audit report       vulnerable_versions: '>=13.0.0 <15.5.21',
434 silly audit report       cwe: [Array],
434 silly audit report       cvss: [Object]
434 silly audit report     },
434 silly audit report     {
434 silly audit report       id: 1124187,
434 silly audit report       url: 'https://github.com/advisories/GHSA-68g3-v927-f742',
434 silly audit report       title: 'Next.js: Cache confusion of response bodies for requests with bodies',
434 silly audit report       severity: 'moderate',
434 silly audit report       vulnerable_versions: '>=13.0.0 <15.5.21',
434 silly audit report       cwe: [Array],
434 silly audit report       cvss: [Object]
434 silly audit report     },
434 silly audit report     {
434 silly audit report       id: 1124189,
434 silly audit report       url: 'https://github.com/advisories/GHSA-4633-3j49-mh5q',
434 silly audit report       title: 'Next.js: Cache confusion of response bodies for requests with bodies containing invalid UTF-8 byte sequences',
434 silly audit report       severity: 'moderate',
434 silly audit report       vulnerable_versions: '>=13.0.0 <15.5.21',
434 silly audit report       cwe: [Array],
434 silly audit report       cvss: [Object]
434 silly audit report     },
434 silly audit report     {
434 silly audit report       id: 1124191,
434 silly audit report       url: 'https://github.com/advisories/GHSA-4c39-4ccg-62r3',
434 silly audit report       title: 'Next.js: Unbounded Server Action payload in Edge runtime',
434 silly audit report       severity: 'moderate',
434 silly audit report       vulnerable_versions: '>=13.0.0 <15.5.21',
434 silly audit report       cwe: [Array],
434 silly audit report       cvss: [Object]
434 silly audit report     },
434 silly audit report     {
434 silly audit report       id: 1124193,
434 silly audit report       url: 'https://github.com/advisories/GHSA-p9j2-gv94-2wf4',
434 silly audit report       title: 'Next.js: Server-Side Request Forgery in rewrites via attacker-controlled destination hostname',
434 silly audit report       severity: 'high',
434 silly audit report       vulnerable_versions: '>=12.0.0 <15.5.21',
434 silly audit report       cwe: [Array],
434 silly audit report       cvss: [Object]
434 silly audit report     },
434 silly audit report     {
434 silly audit report       id: 1124197,
434 silly audit report       url: 'https://github.com/advisories/GHSA-955p-x3mx-jcvp',
434 silly audit report       title: 'Next.js: Unauthenticated disclosure of internal Server Function endpoints',
434 silly audit report       severity: 'moderate',
434 silly audit report       vulnerable_versions: '>=13.0.0 <15.5.21',
434 silly audit report       cwe: [Array],
434 silly audit report       cvss: [Object]
434 silly audit report     },
434 silly audit report     {
434 silly audit report       id: 1193677,
434 silly audit report       url: 'https://github.com/advisories/GHSA-p293-qw3h-jr36',
434 silly audit report       title: 'Next.js: Unauthenticated Remote Code Execution on windows-hosted servers',
434 silly audit report       severity: 'critical',
434 silly audit report       vulnerable_versions: '>=13.4.0 <15.5.24',
434 silly audit report       cwe: [Array],
434 silly audit report       cvss: [Object]
434 silly audit report     },
434 silly audit report     {
434 silly audit report       id: 1193733,
434 silly audit report       url: 'https://github.com/advisories/GHSA-2xp9-vwfh-vxw4',
434 silly audit report       title: 'Next.js: Unauthenticated Remote Code Execution in Image Optimization API when AVIF files are used',
434 silly audit report       severity: 'critical',
434 silly audit report       vulnerable_versions: '>=10.0.0 <15.5.24',
434 silly audit report       cwe: [Array],
434 silly audit report       cvss: [Object]
434 silly audit report     }
434 silly audit report   ],
434 silly audit report   postcss: [
434 silly audit report     {
434 silly audit report       id: 1130709,
434 silly audit report       url: 'https://github.com/advisories/GHSA-fxqj-rqcc-2cmp',
434 silly audit report       title: 'PostCSS: incomplete fix of GHSA-6g55-p6wh-862q — attacker-controlled sourceMappingURL reads arbitrary .map files when `from` is unset',
434 silly audit report       severity: 'moderate',
434 silly audit report       vulnerable_versions: '<=8.5.22',
434 silly audit report       cwe: [Array],
434 silly audit report       cvss: [Object]
434 silly audit report     },
434 silly audit report     {
434 silly audit report       id: 1117015,
434 silly audit report       url: 'https://github.com/advisories/GHSA-qx2v-qp2m-jg93',
434 silly audit report       title: 'PostCSS has XSS via Unescaped </style> in its CSS Stringify Output',
434 silly audit report       severity: 'moderate',
434 silly audit report       vulnerable_versions: '<8.5.10',
434 silly audit report       cwe: [Array],
434 silly audit report       cvss: [Object]
434 silly audit report     },
434 silly audit report     {
434 silly audit report       id: 1124252,
434 silly audit report       url: 'https://github.com/advisories/GHSA-6g55-p6wh-862q',
434 silly audit report       title: 'PostCSS: Arbitrary file read and information disclosure via attacker-controlled sourceMappingURL in CSS comments',
434 silly audit report       severity: 'high',
434 silly audit report       vulnerable_versions: '<=8.5.11',
434 silly audit report       cwe: [Array],
434 silly audit report       cvss: [Object]
434 silly audit report     },
434 silly audit report     {
434 silly audit report       id: 1139510,
434 silly audit report       url: 'https://github.com/advisories/GHSA-r28c-9q8g-f849',
434 silly audit report       title: 'PostCSS: Path Traversal in Previous Source Map Auto-Loading (sourceMappingURL) leads to Arbitrary .map File Disclosure',
434 silly audit report       severity: 'high',
434 silly audit report       vulnerable_versions: '<=8.5.17',
434 silly audit report       cwe: [Array],
434 silly audit report       cvss: [Object]
434 silly audit report     }
434 silly audit report   ]
434 silly audit report }
435 silly packumentCache corgi:https://registry.npmjs.org/brace-expansion cache-miss
436 silly packumentCache corgi:https://registry.npmjs.org/baseline-browser-mapping cache-miss
437 silly packumentCache corgi:https://registry.npmjs.org/browserslist cache-miss
438 silly packumentCache corgi:https://registry.npmjs.org/glob cache-miss
439 silly packumentCache corgi:https://registry.npmjs.org/js-yaml cache-miss
440 silly packumentCache corgi:https://registry.npmjs.org/nanoid cache-miss
441 silly packumentCache corgi:https://registry.npmjs.org/next cache-miss
442 silly packumentCache corgi:https://registry.npmjs.org/postcss cache-miss
443 warn deprecated glob@7.2.3: Old versions of glob are not supported, and contain widely publicized security vulnerabilities, which have been fixed in the current version. Please update. Support for old versions may be purchased (at exorbitant rates) by contacting i@izs.me
444 warn deprecated @humanwhocodes/object-schema@2.0.3: Use @eslint/object-schema instead
445 http fetch GET 200 https://registry.npmjs.org/brace-expansion 100ms (cache miss)
446 silly packumentCache corgi:https://registry.npmjs.org/brace-expansion set size:undefined disposed:false
447 http fetch GET 200 https://registry.npmjs.org/baseline-browser-mapping 134ms (cache miss)
448 silly packumentCache corgi:https://registry.npmjs.org/baseline-browser-mapping set size:undefined disposed:false
449 http fetch GET 200 https://registry.npmjs.org/js-yaml 156ms (cache miss)
450 silly packumentCache corgi:https://registry.npmjs.org/js-yaml set size:undefined disposed:false
451 http fetch GET 200 https://registry.npmjs.org/glob 171ms (cache miss)
452 silly packumentCache corgi:https://registry.npmjs.org/glob set size:undefined disposed:false
453 http fetch GET 200 https://registry.npmjs.org/browserslist 186ms (cache miss)
454 silly packumentCache corgi:https://registry.npmjs.org/browserslist set size:undefined disposed:false
455 http fetch GET 200 https://registry.npmjs.org/nanoid 189ms (cache miss)
456 silly packumentCache corgi:https://registry.npmjs.org/nanoid set size:undefined disposed:false
457 http fetch GET 200 https://registry.npmjs.org/postcss 201ms (cache miss)
458 silly packumentCache corgi:https://registry.npmjs.org/postcss set size:undefined disposed:false
459 warn deprecated glob@10.3.10: Old versions of glob are not supported, and contain widely publicized security vulnerabilities, which have been fixed in the current version. Please update. Support for old versions may be purchased (at exorbitant rates) by contacting i@izs.me
460 http fetch GET 200 https://registry.npmjs.org/next 676ms (cache miss)
461 silly packumentCache corgi:https://registry.npmjs.org/next set size:undefined disposed:false
462 silly packumentCache corgi:https://registry.npmjs.org/minimatch cache-miss
463 warn deprecated eslint@8.57.1: This version is no longer supported. Please see https://eslint.org/version-support for other options.
464 http fetch GET 200 https://registry.npmjs.org/minimatch 76ms (cache miss)
465 silly packumentCache corgi:https://registry.npmjs.org/minimatch set size:undefined disposed:false
466 silly packumentCache corgi:https://registry.npmjs.org/autoprefixer cache-miss
467 silly packumentCache corgi:https://registry.npmjs.org/update-browserslist-db cache-miss
468 http fetch GET 200 https://registry.npmjs.org/update-browserslist-db 47ms (cache miss)
469 silly packumentCache corgi:https://registry.npmjs.org/update-browserslist-db set size:undefined disposed:false
470 http fetch GET 200 https://registry.npmjs.org/autoprefixer 52ms (cache miss)
471 silly packumentCache corgi:https://registry.npmjs.org/autoprefixer set size:undefined disposed:false
472 silly packumentCache corgi:https://registry.npmjs.org/@next%2feslint-plugin-next cache-miss
473 http fetch GET 200 https://registry.npmjs.org/@next%2feslint-plugin-next 201ms (cache miss)
474 silly packumentCache corgi:https://registry.npmjs.org/@next%2feslint-plugin-next set size:undefined disposed:false
475 silly packumentCache corgi:https://registry.npmjs.org/@eslint%2feslintrc cache-miss
476 silly packumentCache corgi:https://registry.npmjs.org/eslint cache-miss
477 http fetch GET 200 https://registry.npmjs.org/@eslint%2feslintrc 67ms (cache miss)
478 silly packumentCache corgi:https://registry.npmjs.org/@eslint%2feslintrc set size:undefined disposed:false
479 http fetch GET 200 https://registry.npmjs.org/eslint 76ms (cache miss)
480 silly packumentCache corgi:https://registry.npmjs.org/eslint set size:undefined disposed:false
481 silly packumentCache corgi:https://registry.npmjs.org/postcss-import cache-miss
482 silly packumentCache corgi:https://registry.npmjs.org/postcss-js cache-miss
483 silly packumentCache corgi:https://registry.npmjs.org/postcss-load-config cache-miss
484 silly packumentCache corgi:https://registry.npmjs.org/postcss-nested cache-miss
485 silly packumentCache corgi:https://registry.npmjs.org/tailwindcss cache-miss
486 http fetch GET 200 https://registry.npmjs.org/postcss-import 127ms (cache miss)
487 silly packumentCache corgi:https://registry.npmjs.org/postcss-import set size:undefined disposed:false
488 http fetch GET 200 https://registry.npmjs.org/postcss-nested 135ms (cache miss)
489 silly packumentCache corgi:https://registry.npmjs.org/postcss-nested set size:undefined disposed:false
490 http fetch GET 200 https://registry.npmjs.org/postcss-js 138ms (cache miss)
491 silly packumentCache corgi:https://registry.npmjs.org/postcss-js set size:undefined disposed:false
492 http fetch GET 200 https://registry.npmjs.org/postcss-load-config 151ms (cache miss)
493 silly packumentCache corgi:https://registry.npmjs.org/postcss-load-config set size:undefined disposed:false
494 http fetch GET 200 https://registry.npmjs.org/tailwindcss 251ms (cache miss)
495 silly packumentCache corgi:https://registry.npmjs.org/tailwindcss set size:undefined disposed:false
496 silly packumentCache corgi:https://registry.npmjs.org/eslint-config-next cache-miss
497 http fetch GET 200 https://registry.npmjs.org/eslint-config-next 125ms (cache miss)
498 silly packumentCache corgi:https://registry.npmjs.org/eslint-config-next set size:undefined disposed:false
499 warn deprecated next@14.2.15: This version has a security vulnerability. Please upgrade to a patched version. See https://nextjs.org/blog/security-update-2025-12-11 for more details.
500 info run unrs-resolver@1.12.2 postinstall node_modules/unrs-resolver node postinstall.js
501 info run unrs-resolver@1.12.2 postinstall { code: 0, signal: null }
502 silly ADD node_modules/yocto-queue
503 silly ADD node_modules/wrappy
504 silly ADD node_modules/wrap-ansi-cjs
505 silly ADD node_modules/wrap-ansi-cjs/node_modules/string-width
506 silly ADD node_modules/wrap-ansi-cjs/node_modules/emoji-regex
507 silly ADD node_modules/wrap-ansi
508 silly ADD node_modules/wrap-ansi/node_modules/strip-ansi
509 silly ADD node_modules/wrap-ansi/node_modules/ansi-styles
510 silly ADD node_modules/wrap-ansi/node_modules/ansi-regex
511 silly ADD node_modules/word-wrap
512 silly ADD node_modules/which-typed-array
513 silly ADD node_modules/which-collection
514 silly ADD node_modules/which-builtin-type
515 silly ADD node_modules/which-boxed-primitive
516 silly ADD node_modules/which
517 silly ADD node_modules/util-deprecate
518 silly ADD node_modules/uri-js
519 silly ADD node_modules/update-browserslist-db
520 silly ADD node_modules/unrs-resolver
521 silly ADD node_modules/undici-types
522 silly ADD node_modules/unbox-primitive
523 silly ADD node_modules/typescript
524 silly ADD node_modules/typed-array-length
525 silly ADD node_modules/typed-array-byte-offset
526 silly ADD node_modules/typed-array-byte-length
527 silly ADD node_modules/typed-array-buffer
528 silly ADD node_modules/type-fest
529 silly ADD node_modules/type-check
530 silly ADD node_modules/tslib
531 silly ADD node_modules/tsconfig-paths
532 silly ADD node_modules/ts-interface-checker
533 silly ADD node_modules/ts-api-utils
534 silly ADD node_modules/to-regex-range
535 silly ADD node_modules/tinyglobby
536 silly ADD node_modules/tinyglobby/node_modules/picomatch
537 silly ADD node_modules/tinyglobby/node_modules/fdir
538 silly ADD node_modules/thenify-all
539 silly ADD node_modules/thenify
540 silly ADD node_modules/text-table
541 silly ADD node_modules/tailwindcss
542 silly ADD node_modules/tailwindcss/node_modules/resolve
543 silly ADD node_modules/supports-preserve-symlinks-flag
544 silly ADD node_modules/supports-color
545 silly ADD node_modules/sucrase
546 silly ADD node_modules/styled-jsx
547 silly ADD node_modules/strip-json-comments
548 silly ADD node_modules/strip-bom
549 silly ADD node_modules/strip-ansi-cjs
550 silly ADD node_modules/strip-ansi
551 silly ADD node_modules/string.prototype.trimstart
552 silly ADD node_modules/string.prototype.trimend
553 silly ADD node_modules/string.prototype.trim
554 silly ADD node_modules/string.prototype.repeat
555 silly ADD node_modules/string.prototype.matchall
556 silly ADD node_modules/string.prototype.includes
557 silly ADD node_modules/string-width-cjs
558 silly ADD node_modules/string-width-cjs/node_modules/emoji-regex
559 silly ADD node_modules/string-width
560 silly ADD node_modules/string-width/node_modules/strip-ansi
561 silly ADD node_modules/string-width/node_modules/ansi-regex
562 silly ADD node_modules/streamsearch
563 silly ADD node_modules/stop-iteration-iterator
564 silly ADD node_modules/stable-hash
565 silly ADD node_modules/source-map-js
566 silly ADD node_modules/signal-exit
567 silly ADD node_modules/side-channel-weakmap
568 silly ADD node_modules/side-channel-map
569 silly ADD node_modules/side-channel-list
570 silly ADD node_modules/side-channel
571 silly ADD node_modules/shebang-regex
572 silly ADD node_modules/shebang-command
573 silly ADD node_modules/set-proto
574 silly ADD node_modules/set-function-name
575 silly ADD node_modules/set-function-length
576 silly ADD node_modules/semver
577 silly ADD node_modules/selderee
578 silly ADD node_modules/scheduler
579 silly ADD node_modules/safe-regex-test
580 silly ADD node_modules/safe-push-apply
581 silly ADD node_modules/safe-array-concat
582 silly ADD node_modules/run-parallel
583 silly ADD node_modules/rimraf
584 silly ADD node_modules/rimraf/node_modules/glob
585 silly ADD node_modules/reusify
586 silly ADD node_modules/resolve-pkg-maps
587 silly ADD node_modules/resolve-from
588 silly ADD node_modules/resolve
589 silly ADD node_modules/resend
590 silly ADD node_modules/regexp.prototype.flags
591 silly ADD node_modules/reflect.getprototypeof
592 silly ADD node_modules/readdirp
593 silly ADD node_modules/read-cache
594 silly ADD node_modules/react-promise-suspense
595 silly ADD node_modules/react-promise-suspense/node_modules/fast-deep-equal
596 silly ADD node_modules/react-is
597 silly ADD node_modules/react-dom
598 silly ADD node_modules/react
599 silly ADD node_modules/queue-microtask
600 silly ADD node_modules/punycode
601 silly ADD node_modules/prop-types
602 silly ADD node_modules/prettier
603 silly ADD node_modules/prelude-ls
604 silly ADD node_modules/postcss-value-parser
605 silly ADD node_modules/postcss-selector-parser
606 silly ADD node_modules/postcss-nested
607 silly ADD node_modules/postcss-load-config
608 silly ADD node_modules/postcss-js
609 silly ADD node_modules/postcss-import
610 silly ADD node_modules/postcss-import/node_modules/resolve
611 silly ADD node_modules/postcss
612 silly ADD node_modules/possible-typed-array-names
613 silly ADD node_modules/pirates
614 silly ADD node_modules/pify
615 silly ADD node_modules/picomatch
616 silly ADD node_modules/picocolors
617 silly ADD node_modules/peberminta
618 silly ADD node_modules/path-scurry
619 silly ADD node_modules/path-parse
620 silly ADD node_modules/path-key
621 silly ADD node_modules/path-is-absolute
622 silly ADD node_modules/path-exists
623 silly ADD node_modules/parseley
624 silly ADD node_modules/parent-module
625 silly ADD node_modules/p-locate
626 silly ADD node_modules/p-limit
627 silly ADD node_modules/own-keys
628 silly ADD node_modules/optionator
629 silly ADD node_modules/once
630 silly ADD node_modules/object.values
631 silly ADD node_modules/object.groupby
632 silly ADD node_modules/object.fromentries
633 silly ADD node_modules/object.entries
634 silly ADD node_modules/object.assign
635 silly ADD node_modules/object-keys
636 silly ADD node_modules/object-inspect
637 silly ADD node_modules/object-hash
638 silly ADD node_modules/object-assign
639 silly ADD node_modules/normalize-path
640 silly ADD node_modules/node-releases
641 silly ADD node_modules/node-exports-info
642 silly ADD node_modules/node-exports-info/node_modules/semver
643 silly ADD node_modules/next
644 silly ADD node_modules/next/node_modules/postcss
645 silly ADD node_modules/natural-compare
646 silly ADD node_modules/napi-postinstall
647 silly ADD node_modules/nanoid
648 silly ADD node_modules/mz
649 silly ADD node_modules/ms
650 silly ADD node_modules/motion-utils
651 silly ADD node_modules/motion-dom
652 silly ADD node_modules/minipass
653 silly ADD node_modules/minimist
654 silly ADD node_modules/minimatch
655 silly ADD node_modules/micromatch
656 silly ADD node_modules/merge2
657 silly ADD node_modules/math-intrinsics
658 silly ADD node_modules/lucide-react
659 silly ADD node_modules/lru-cache
660 silly ADD node_modules/loose-envify
661 silly ADD node_modules/lodash.merge
662 silly ADD node_modules/locate-path
663 silly ADD node_modules/lines-and-columns
664 silly ADD node_modules/lilconfig
665 silly ADD node_modules/levn
666 silly ADD node_modules/leac
667 silly ADD node_modules/language-tags
668 silly ADD node_modules/language-subtag-registry
669 silly ADD node_modules/keyv
670 silly ADD node_modules/jsx-ast-utils
671 silly ADD node_modules/json5
672 silly ADD node_modules/json-stable-stringify-without-jsonify
673 silly ADD node_modules/json-schema-traverse
674 silly ADD node_modules/json-buffer
675 silly ADD node_modules/js-yaml
676 silly ADD node_modules/js-tokens
677 silly ADD node_modules/jiti
678 silly ADD node_modules/jackspeak
679 silly ADD node_modules/iterator.prototype
680 silly ADD node_modules/isexe
681 silly ADD node_modules/isarray
682 silly ADD node_modules/is-weakset
683 silly ADD node_modules/is-weakref
684 silly ADD node_modules/is-weakmap
685 silly ADD node_modules/is-typed-array
686 silly ADD node_modules/is-symbol
687 silly ADD node_modules/is-string
688 silly ADD node_modules/is-shared-array-buffer
689 silly ADD node_modules/is-set
690 silly ADD node_modules/is-regex
691 silly ADD node_modules/is-path-inside
692 silly ADD node_modules/is-number-object
693 silly ADD node_modules/is-number
694 silly ADD node_modules/is-negative-zero
695 silly ADD node_modules/is-map
696 silly ADD node_modules/is-glob
697 silly ADD node_modules/is-generator-function
698 silly ADD node_modules/is-fullwidth-code-point
699 silly ADD node_modules/is-finalizationregistry
700 silly ADD node_modules/is-extglob
701 silly ADD node_modules/is-document.all
702 silly ADD node_modules/is-date-object
703 silly ADD node_modules/is-data-view
704 silly ADD node_modules/is-core-module
705 silly ADD node_modules/is-callable
706 silly ADD node_modules/is-bun-module
707 silly ADD node_modules/is-boolean-object
708 silly ADD node_modules/is-binary-path
709 silly ADD node_modules/is-bigint
710 silly ADD node_modules/is-async-function
711 silly ADD node_modules/is-array-buffer
712 silly ADD node_modules/internal-slot
713 silly ADD node_modules/inherits
714 silly ADD node_modules/inflight
715 silly ADD node_modules/imurmurhash
716 silly ADD node_modules/import-fresh
717 silly ADD node_modules/ignore
718 silly ADD node_modules/htmlparser2
719 silly ADD node_modules/html-to-text
720 silly ADD node_modules/hasown
721 silly ADD node_modules/has-tostringtag
722 silly ADD node_modules/has-symbols
723 silly ADD node_modules/has-proto
724 silly ADD node_modules/has-property-descriptors
725 silly ADD node_modules/has-flag
726 silly ADD node_modules/has-bigints
727 silly ADD node_modules/graphemer
728 silly ADD node_modules/graceful-fs
729 silly ADD node_modules/gopd
730 silly ADD node_modules/globalthis
731 silly ADD node_modules/globals
732 silly ADD node_modules/glob-parent
733 silly ADD node_modules/glob
734 silly ADD node_modules/glob/node_modules/minimatch
735 silly ADD node_modules/glob/node_modules/brace-expansion
736 silly ADD node_modules/get-tsconfig
737 silly ADD node_modules/get-symbol-description
738 silly ADD node_modules/get-proto
739 silly ADD node_modules/get-intrinsic
740 silly ADD node_modules/generator-function
741 silly ADD node_modules/functions-have-names
742 silly ADD node_modules/function.prototype.name
743 silly ADD node_modules/function-bind
744 silly ADD node_modules/fsevents
745 silly ADD node_modules/fs.realpath
746 silly ADD node_modules/framer-motion
747 silly ADD node_modules/fraction.js
748 silly ADD node_modules/foreground-child
749 silly ADD node_modules/for-each
750 silly ADD node_modules/flatted
751 silly ADD node_modules/flat-cache
752 silly ADD node_modules/find-up
753 silly ADD node_modules/fill-range
754 silly ADD node_modules/file-entry-cache
755 silly ADD node_modules/fastq
756 silly ADD node_modules/fast-levenshtein
757 silly ADD node_modules/fast-json-stable-stringify
758 silly ADD node_modules/fast-glob
759 silly ADD node_modules/fast-glob/node_modules/glob-parent
760 silly ADD node_modules/fast-deep-equal
761 silly ADD node_modules/esutils
762 silly ADD node_modules/estraverse
763 silly ADD node_modules/esrecurse
764 silly ADD node_modules/esquery
765 silly ADD node_modules/espree
766 silly ADD node_modules/eslint-visitor-keys
767 silly ADD node_modules/eslint-scope
768 silly ADD node_modules/eslint-plugin-react-hooks
769 silly ADD node_modules/eslint-plugin-react
770 silly ADD node_modules/eslint-plugin-react/node_modules/semver
771 silly ADD node_modules/eslint-plugin-react/node_modules/doctrine
772 silly ADD node_modules/eslint-plugin-jsx-a11y
773 silly ADD node_modules/eslint-plugin-import
774 silly ADD node_modules/eslint-plugin-import/node_modules/semver
775 silly ADD node_modules/eslint-plugin-import/node_modules/doctrine
776 silly ADD node_modules/eslint-plugin-import/node_modules/debug
777 silly ADD node_modules/eslint-module-utils
778 silly ADD node_modules/eslint-module-utils/node_modules/debug
779 silly ADD node_modules/eslint-import-resolver-typescript
780 silly ADD node_modules/eslint-import-resolver-node
781 silly ADD node_modules/eslint-import-resolver-node/node_modules/debug
782 silly ADD node_modules/eslint-config-next
783 silly ADD node_modules/eslint
784 silly ADD node_modules/escape-string-regexp
785 silly ADD node_modules/escalade
786 silly ADD node_modules/es-to-primitive
787 silly ADD node_modules/es-shim-unscopables
788 silly ADD node_modules/es-set-tostringtag
789 silly ADD node_modules/es-object-atoms
790 silly ADD node_modules/es-iterator-helpers
791 silly ADD node_modules/es-errors
792 silly ADD node_modules/es-define-property
793 silly ADD node_modules/es-abstract-get
794 silly ADD node_modules/es-abstract
795 silly ADD node_modules/entities
796 silly ADD node_modules/emoji-regex
797 silly ADD node_modules/electron-to-chromium
798 silly ADD node_modules/eastasianwidth
799 silly ADD node_modules/dunder-proto
800 silly ADD node_modules/domutils
801 silly ADD node_modules/domhandler
802 silly ADD node_modules/domelementtype
803 silly ADD node_modules/dom-serializer
804 silly ADD node_modules/doctrine
805 silly ADD node_modules/dlv
806 silly ADD node_modules/didyoumean
807 silly ADD node_modules/define-properties
808 silly ADD node_modules/define-data-property
809 silly ADD node_modules/deepmerge
810 silly ADD node_modules/deep-is
811 silly ADD node_modules/debug
812 silly ADD node_modules/data-view-byte-offset
813 silly ADD node_modules/data-view-byte-length
814 silly ADD node_modules/data-view-buffer
815 silly ADD node_modules/damerau-levenshtein
816 silly ADD node_modules/csstype
817 silly ADD node_modules/cssesc
818 silly ADD node_modules/cross-spawn
819 silly ADD node_modules/concat-map
820 silly ADD node_modules/commander
821 silly ADD node_modules/color-name
822 silly ADD node_modules/color-convert
823 silly ADD node_modules/client-only
824 silly ADD node_modules/chokidar
825 silly ADD node_modules/chokidar/node_modules/glob-parent
826 silly ADD node_modules/chalk
827 silly ADD node_modules/caniuse-lite
828 silly ADD node_modules/camelcase-css
829 silly ADD node_modules/callsites
830 silly ADD node_modules/call-bound
831 silly ADD node_modules/call-bind-apply-helpers
832 silly ADD node_modules/call-bind
833 silly ADD node_modules/busboy
834 silly ADD node_modules/browserslist
835 silly ADD node_modules/braces
836 silly ADD node_modules/brace-expansion
837 silly ADD node_modules/binary-extensions
838 silly ADD node_modules/baseline-browser-mapping
839 silly ADD node_modules/balanced-match
840 silly ADD node_modules/axobject-query
841 silly ADD node_modules/axe-core
842 silly ADD node_modules/available-typed-arrays
843 silly ADD node_modules/autoprefixer
844 silly ADD node_modules/async-function
845 silly ADD node_modules/ast-types-flow
846 silly ADD node_modules/arraybuffer.prototype.slice
847 silly ADD node_modules/array.prototype.tosorted
848 silly ADD node_modules/array.prototype.flatmap
849 silly ADD node_modules/array.prototype.flat
850 silly ADD node_modules/array.prototype.findlastindex
851 silly ADD node_modules/array.prototype.findlast
852 silly ADD node_modules/array-includes
853 silly ADD node_modules/array-buffer-byte-length
854 silly ADD node_modules/aria-query
855 silly ADD node_modules/argparse
856 silly ADD node_modules/arg
857 silly ADD node_modules/anymatch
858 silly ADD node_modules/any-promise
859 silly ADD node_modules/ansi-styles
860 silly ADD node_modules/ansi-regex
861 silly ADD node_modules/ajv
862 silly ADD node_modules/acorn-jsx
863 silly ADD node_modules/acorn
864 silly ADD node_modules/@unrs/resolver-binding-darwin-arm64
865 silly ADD node_modules/@ungap/structured-clone
866 silly ADD node_modules/@typescript-eslint/visitor-keys
867 silly ADD node_modules/@typescript-eslint/visitor-keys/node_modules/eslint-visitor-keys
868 silly ADD node_modules/@typescript-eslint/utils
869 silly ADD node_modules/@typescript-eslint/typescript-estree
870 silly ADD node_modules/@typescript-eslint/typescript-estree/node_modules/minimatch
871 silly ADD node_modules/@typescript-eslint/typescript-estree/node_modules/brace-expansion
872 silly ADD node_modules/@typescript-eslint/typescript-estree/node_modules/balanced-match
873 silly ADD node_modules/@typescript-eslint/types
874 silly ADD node_modules/@typescript-eslint/type-utils
875 silly ADD node_modules/@typescript-eslint/tsconfig-utils
876 silly ADD node_modules/@typescript-eslint/scope-manager
877 silly ADD node_modules/@typescript-eslint/project-service
878 silly ADD node_modules/@typescript-eslint/parser
879 silly ADD node_modules/@typescript-eslint/eslint-plugin
880 silly ADD node_modules/@typescript-eslint/eslint-plugin/node_modules/ignore
881 silly ADD node_modules/@types/react-dom
882 silly ADD node_modules/@types/react
883 silly ADD node_modules/@types/prop-types
884 silly ADD node_modules/@types/node
885 silly ADD node_modules/@types/json5
886 silly ADD node_modules/@swc/helpers
887 silly ADD node_modules/@swc/counter
888 silly ADD node_modules/@selderee/plugin-htmlparser2
889 silly ADD node_modules/@rushstack/eslint-patch
890 silly ADD node_modules/@rtsao/scc
891 silly ADD node_modules/@react-email/render
892 silly ADD node_modules/@pkgjs/parseargs
893 silly ADD node_modules/@nolyfill/is-core-module
894 silly ADD node_modules/@nodelib/fs.walk
895 silly ADD node_modules/@nodelib/fs.stat
896 silly ADD node_modules/@nodelib/fs.scandir
897 silly ADD node_modules/@next/swc-darwin-arm64
898 silly ADD node_modules/@next/eslint-plugin-next
899 silly ADD node_modules/@next/env
900 silly ADD node_modules/@jridgewell/trace-mapping
901 silly ADD node_modules/@jridgewell/sourcemap-codec
902 silly ADD node_modules/@jridgewell/resolve-uri
903 silly ADD node_modules/@jridgewell/gen-mapping
904 silly ADD node_modules/@isaacs/cliui
905 silly ADD node_modules/@isaacs/cliui/node_modules/strip-ansi
906 silly ADD node_modules/@isaacs/cliui/node_modules/ansi-regex
907 silly ADD node_modules/@humanwhocodes/object-schema
908 silly ADD node_modules/@humanwhocodes/module-importer
909 silly ADD node_modules/@humanwhocodes/config-array
910 silly ADD node_modules/@eslint/js
911 silly ADD node_modules/@eslint/eslintrc
912 silly ADD node_modules/@eslint-community/regexpp
913 silly ADD node_modules/@eslint-community/eslint-utils
914 silly ADD node_modules/@alloc/quick-lru
915 verbose cwd /Users/mithilesshb/Documents/GitHub/Equal-Horizons-Github
916 verbose os Darwin 25.5.0
917 verbose node v24.14.1
918 verbose npm  v11.11.0
919 notice
919 notice New [33mminor[39m version of npm available! [33m11.11.0[39m -> [34m11.19.1[39m
919 notice Changelog: [34mhttps://github.com/npm/cli/releases/tag/v11.19.1[39m
919 notice To update run: [4mnpm install -g npm@11.19.1[24m
919 notice  { force: true, Symbol(proc-log.meta): true }
920 verbose exit 0
921 info ok
